"source_path"	"line"	"level"	"heading"
"AGENTS.md"	"1"	"1"	"Technical Art Knowledge Base Instructions"
"AGENTS.md"	"3"	"2"	"Scope"
"AGENTS.md"	"14"	"2"	"Primary Goals"
"AGENTS.md"	"23"	"2"	"Non-Goals"
"AGENTS.md"	"32"	"2"	"Knowledge Architecture"
"AGENTS.md"	"49"	"2"	"Source Audit And Migration"
"AGENTS.md"	"64"	"2"	"Content Depth"
"AGENTS.md"	"78"	"2"	"Writing Style"
"AGENTS.md"	"92"	"2"	"Markdown And Obsidian"
"AGENTS.md"	"106"	"2"	"Sources And Accuracy"
"AGENTS.md"	"118"	"2"	"Working Process"
"AGENTS.md"	"135"	"2"	"Autonomous Implementation Mode"
"AGENTS.md"	"168"	"2"	"Process Documents"
"AGENTS.md"	"181"	"2"	"Quality Gates"
"AGENTS.md"	"196"	"2"	"Git"
"AGENTS.md"	"207"	"2"	"Legacy Instructions"
"C++ 标准库常用数据结构接口速查.md"	"1"	"1"	"C++ 标准库常用数据结构接口速查"
"C++ 标准库常用数据结构接口速查.md"	"3"	"2"	"1. 顺序容器"
"C++ 标准库常用数据结构接口速查.md"	"5"	"3"	"1.1 vector 动态数组"
"C++ 标准库常用数据结构接口速查.md"	"28"	"3"	"1.2 deque 双端队列"
"C++ 标准库常用数据结构接口速查.md"	"47"	"3"	"1.3 list 双向链表"
"C++ 标准库常用数据结构接口速查.md"	"70"	"3"	"1.4 array 固定大小数组"
"C++ 标准库常用数据结构接口速查.md"	"87"	"2"	"2. 容器适配器"
"C++ 标准库常用数据结构接口速查.md"	"89"	"3"	"2.1 stack 栈"
"C++ 标准库常用数据结构接口速查.md"	"103"	"3"	"2.2 queue 队列"
"C++ 标准库常用数据结构接口速查.md"	"117"	"3"	"2.3 priority_queue 优先队列"
"C++ 标准库常用数据结构接口速查.md"	"133"	"2"	"3. 关联容器"
"C++ 标准库常用数据结构接口速查.md"	"135"	"3"	"3.1 set 有序集合"
"C++ 标准库常用数据结构接口速查.md"	"154"	"3"	"3.2 multiset 有序多重集合"
"C++ 标准库常用数据结构接口速查.md"	"172"	"3"	"3.3 map 有序映射"
"C++ 标准库常用数据结构接口速查.md"	"191"	"3"	"3.4 multimap 有序多重映射"
"C++ 标准库常用数据结构接口速查.md"	"212"	"2"	"4. 无序容器"
"C++ 标准库常用数据结构接口速查.md"	"214"	"3"	"4.1 unordered_set 哈希集合"
"C++ 标准库常用数据结构接口速查.md"	"233"	"3"	"4.2 unordered_multiset 哈希多重集合"
"C++ 标准库常用数据结构接口速查.md"	"250"	"3"	"4.3 unordered_map 哈希映射"
"C++ 标准库常用数据结构接口速查.md"	"273"	"3"	"4.4 unordered_multimap 哈希多重映射"
"C++ 标准库常用数据结构接口速查.md"	"292"	"2"	"5. 通用操作速查表"
"C++ 标准库常用数据结构接口速查.md"	"307"	"2"	"6. 注意事项"
"system_prompt.md"	"1"	"1"	"Role"
"system_prompt.md"	"4"	"1"	"Input Handling (Transcript Cleaning)"
"system_prompt.md"	"12"	"1"	"Output Constraints (Strict Rules)"
"system_prompt.md"	"20"	"1"	"Title Convention"
"system_prompt.md"	"27"	"1"	"Structural Template (必须严格遵循)"
"system_prompt.md"	"28"	"1"	"[本节课程核心标题]"
"system_prompt.md"	"30"	"2"	"一、 核心知识点与原理剖析"
"system_prompt.md"	"33"	"3"	"1. [知识点名称]"
"system_prompt.md"	"40"	"2"	"二、 重点术语与概念解析"
"system_prompt.md"	"43"	"3"	"1. [术语/API/算法名]"
"system_prompt.md"	"47"	"2"	"三、 工程经验与避坑指南"
"system_prompt.md"	"50"	"3"	"1. [主题]"
"system_prompt.md"	"53"	"2"	"四、 [可选：大作业 / 实战 / 其他专题]"
"system_prompt.md"	"56"	"1"	"Formatting Details"
"TA_Algorithm_Practice.md"	"1"	"1"	"技术美术常用简单算法题整理"
"TA_Algorithm_Practice.md"	"7"	"2"	"目录"
"TA_Algorithm_Practice.md"	"37"	"2"	"公共基础代码"
"TA_Algorithm_Practice.md"	"100"	"1"	"1. 点到直线距离"
"TA_Algorithm_Practice.md"	"112"	"2"	"代码"
"TA_Algorithm_Practice.md"	"131"	"1"	"2. 点到线段距离"
"TA_Algorithm_Practice.md"	"147"	"2"	"代码"
"TA_Algorithm_Practice.md"	"169"	"1"	"3. 判断点是否在三角形内"
"TA_Algorithm_Practice.md"	"178"	"2"	"代码"
"TA_Algorithm_Practice.md"	"195"	"1"	"4. AABB 与 AABB 是否相交"
"TA_Algorithm_Practice.md"	"203"	"2"	"代码"
"TA_Algorithm_Practice.md"	"220"	"1"	"5. AABB 与点是否相交"
"TA_Algorithm_Practice.md"	"226"	"2"	"代码"
"TA_Algorithm_Practice.md"	"237"	"1"	"6. 圆与圆是否相交"
"TA_Algorithm_Practice.md"	"245"	"2"	"代码"
"TA_Algorithm_Practice.md"	"258"	"1"	"7. 球与球是否相交"
"TA_Algorithm_Practice.md"	"264"	"2"	"代码"
"TA_Algorithm_Practice.md"	"277"	"1"	"8. 线段与线段相交"
"TA_Algorithm_Practice.md"	"289"	"2"	"代码"
"TA_Algorithm_Practice.md"	"322"	"1"	"9. 射线与平面相交"
"TA_Algorithm_Practice.md"	"336"	"2"	"代码"
"TA_Algorithm_Practice.md"	"359"	"1"	"10. 射线与球相交"
"TA_Algorithm_Practice.md"	"373"	"2"	"代码"
"TA_Algorithm_Practice.md"	"414"	"1"	"11. Clamp 限制数值范围"
"TA_Algorithm_Practice.md"	"420"	"2"	"代码"
"TA_Algorithm_Practice.md"	"430"	"1"	"12. Lerp 线性插值"
"TA_Algorithm_Practice.md"	"436"	"2"	"代码"
"TA_Algorithm_Practice.md"	"450"	"1"	"13. SmoothStep 平滑插值"
"TA_Algorithm_Practice.md"	"462"	"2"	"代码"
"TA_Algorithm_Practice.md"	"473"	"1"	"14. Remap 数值区间映射"
"TA_Algorithm_Practice.md"	"479"	"2"	"代码"
"TA_Algorithm_Practice.md"	"494"	"1"	"15. 向量归一化"
"TA_Algorithm_Practice.md"	"500"	"2"	"代码"
"TA_Algorithm_Practice.md"	"514"	"1"	"16. 计算两向量夹角"
"TA_Algorithm_Practice.md"	"526"	"2"	"代码"
"TA_Algorithm_Practice.md"	"545"	"1"	"17. 反射向量计算"
"TA_Algorithm_Practice.md"	"557"	"2"	"代码"
"TA_Algorithm_Practice.md"	"567"	"1"	"18. 简单重心坐标"
"TA_Algorithm_Practice.md"	"580"	"2"	"代码"
"TA_Algorithm_Practice.md"	"609"	"1"	"19. 多边形面积 Shoelace Formula"
"TA_Algorithm_Practice.md"	"615"	"2"	"代码"
"TA_Algorithm_Practice.md"	"635"	"1"	"20. 2D 点绕中心旋转"
"TA_Algorithm_Practice.md"	"641"	"2"	"代码"
"TA_Algorithm_Practice.md"	"660"	"1"	"21. 判断三角形朝向"
"TA_Algorithm_Practice.md"	"674"	"2"	"代码"
"TA_Algorithm_Practice.md"	"688"	"1"	"22. 包围盒合并"
"TA_Algorithm_Practice.md"	"694"	"2"	"代码"
"TA_Algorithm_Practice.md"	"709"	"1"	"23. 简单视锥体 AABB 裁剪思路"
"TA_Algorithm_Practice.md"	"718"	"2"	"代码"
"TA_Algorithm_Practice.md"	"753"	"1"	"24. 颜色 Gamma / Linear 转换"
"TA_Algorithm_Practice.md"	"759"	"2"	"代码"
"TA_Algorithm_Practice.md"	"773"	"1"	"25. HSV 转 RGB"
"TA_Algorithm_Practice.md"	"779"	"2"	"代码"
"ACT\note_01.md"	"1"	"1"	"游戏程序架构实战：从功能实现到五层系统化设计"
"ACT\note_01.md"	"3"	"2"	"一、 核心知识点与原理剖析"
"ACT\note_01.md"	"5"	"3"	"1. 游戏程序员的发展阶段"
"ACT\note_01.md"	"10"	"3"	"2. 游戏分类与核心设计逻辑"
"ACT\note_01.md"	"19"	"3"	"3. 程序分层架构的思想（解耦）"
"ACT\note_01.md"	"28"	"3"	"4. 动作游戏（ACT）五层架构详解"
"ACT\note_01.md"	"61"	"2"	"二、 重点术语与概念解析"
"ACT\note_01.md"	"74"	"2"	"三、 工程经验与避坑指南"
"ACT\note_01.md"	"76"	"3"	"1. 开发协作与工具化"
"ACT\note_01.md"	"80"	"3"	"2. 优化手感的小技巧"
"ACT\note_01.md"	"85"	"3"	"3. 代码重构的价值"
"ACT\note_01.md"	"89"	"3"	"4. AI 开发建议"
"ACT\note_01.md"	"93"	"3"	"5. 关于“滑步”与 Root Motion"
"ACT\note_02.md"	"1"	"1"	"ACT游戏框架开发：输入层 (Input Layer) 的体系化构建与实战拆解"
"ACT\note_02.md"	"3"	"2"	"一、 核心知识点与原理剖析"
"ACT\note_02.md"	"5"	"3"	"1. 程序分层设计的初衷"
"ACT\note_02.md"	"10"	"3"	"2. 纯 C# 类与 Unity 生命周期管理（时序问题）"
"ACT\note_02.md"	"16"	"3"	"3. 输入层生命周期的自定义架构"
"ACT\note_02.md"	"25"	"2"	"二、 重点术语与概念解析"
"ACT\note_02.md"	"27"	"3"	"1. 核心类定义"
"ACT\note_02.md"	"33"	"3"	"2. 动作系统术语（基于《街霸6》案例拆解）"
"ACT\note_02.md"	"46"	"2"	"三、 框架核心代码实现逻辑"
"ACT\note_02.md"	"48"	"3"	"1. InputBase 泛型设计"
"ACT\note_02.md"	"68"	"3"	"2. InputDevice 硬件读取"
"ACT\note_02.md"	"83"	"2"	"四、 工程经验与避坑指南"
"ACT\note_02.md"	"85"	"3"	"1. 开发避坑与技巧"
"ACT\note_02.md"	"90"	"3"	"2. 搓招判定逻辑优化建议"
"ACT\note_02.md"	"95"	"3"	"3. 数据驱动的生产力解放"
"ACT\note_02.md"	"102"	"2"	"五、 Q&A 互动精华整理"
"ACT\note_03.md"	"1"	"1"	"动作游戏框架设计（第三课）：请求层、行为层与系统集成"
"ACT\note_03.md"	"5"	"2"	"一、 核心知识点与原理剖析"
"ACT\note_03.md"	"7"	"3"	"1. 请求层（Request Layer）深度解析"
"ACT\note_03.md"	"21"	"3"	"2. 行为层（Behavior Layer）与状态管理"
"ACT\note_03.md"	"32"	"3"	"3. 系统集成：Agent 与 PlayerBase"
"ACT\note_03.md"	"41"	"3"	"4. 关键技术：基于反射的实例初始化"
"ACT\note_03.md"	"49"	"2"	"二、 重点术语与概念解析"
"ACT\note_03.md"	"58"	"2"	"三、 工程经验与避坑指南"
"ACT\note_03.md"	"60"	"3"	"1. 开发经验与架构建议"
"ACT\note_03.md"	"67"	"3"	"2. 避坑指南"
"ACT\note_03.md"	"72"	"3"	"3. 职业发展建议（Q&A）"
"ACT\note_04.md"	"1"	"1"	"游戏框架实现：从动作状态机到移动逻辑的解耦与落地"
"ACT\note_04.md"	"3"	"2"	"一、 核心知识点与原理剖析"
"ACT\note_04.md"	"5"	"3"	"1. 架构调整：移动逻辑与动作状态机的分离"
"ACT\note_04.md"	"10"	"3"	"2. 移动基类（MovementBase）的核心组成"
"ACT\note_04.md"	"22"	"3"	"3. 请求-行为（Request-Behavior）流转逻辑"
"ACT\note_04.md"	"31"	"3"	"4. 物理逻辑：跳跃速度公式"
"ACT\note_04.md"	"38"	"2"	"二、 重点术语与概念解析"
"ACT\note_04.md"	"50"	"2"	"三、 工程经验与避坑指南"
"ACT\note_04.md"	"52"	"3"	"1. 任务取消机制（Cancel Request）"
"ACT\note_04.md"	"56"	"3"	"2. 代码的可读性与“炫技”"
"ACT\note_04.md"	"60"	"3"	"3. 性能优化：GC 与装箱"
"ACT\note_04.md"	"64"	"3"	"4. 调试技巧：埋点与日志"
"ACT\note_04.md"	"69"	"2"	"四、 关键实现细节（代码逻辑速查）"
"ACT\note_04.md"	"71"	"3"	"状态跳转条件判断"
"ACT\note_04.md"	"81"	"3"	"移动向量投影（相机空间）"
"ACT\note_04.md"	"90"	"3"	"框架初始化顺序"
"ACT\note_05.md"	"1"	"1"	"ACT框架优化、剧情编辑器设计与通用状态机实现"
"ACT\note_05.md"	"3"	"2"	"一、 核心知识点与原理剖析"
"ACT\note_05.md"	"5"	"3"	"1. 现存框架Bug修复"
"ACT\note_05.md"	"24"	"3"	"2. 框架架构逻辑复盘"
"ACT\note_05.md"	"32"	"3"	"3. 剧情编辑器 (Plot Editor) 设计方案"
"ACT\note_05.md"	"44"	"3"	"4. 通用状态机 (State Machine) 实现"
"ACT\note_05.md"	"63"	"2"	"二、 重点术语与概念解析"
"ACT\note_05.md"	"73"	"2"	"三、 工程经验与避坑指南"
"C++基础\C++基础-1.md"	"1"	"1"	"C++ 基础概念与核心语法 (第一节课笔记)"
"C++基础\C++基础-1.md"	"3"	"2"	"📌 课程基本信息与作业"
"C++基础\C++基础-1.md"	"10"	"2"	"1. C++ 与 C# 的核心区别"
"C++基础\C++基础-1.md"	"28"	"2"	"2. 认识第一个 C++ 程序"
"C++基础\C++基础-1.md"	"50"	"2"	"3. 文件结构与预处理机制"
"C++基础\C++基础-1.md"	"52"	"3"	"头文件 (`.h`) 与源文件 (`.cpp`)"
"C++基础\C++基础-1.md"	"63"	"3"	"命名空间 (Namespace)"
"C++基础\C++基础-1.md"	"69"	"3"	"宏定义 (`#define`)"
"C++基础\C++基础-1.md"	"82"	"2"	"4. 核心声明与定义关键字"
"C++基础\C++基础-1.md"	"97"	"2"	"5. 内存管理：堆 (Heap) 与栈 (Stack)"
"C++基础\C++基础-1.md"	"115"	"2"	"6. 核心难点：指针 (Pointer) 与引用 (Reference)"
"C++基础\C++基础-1.md"	"117"	"3"	"原始指针"
"C++基础\C++基础-1.md"	"127"	"3"	"智能指针 (C++11 新特性)"
"C++基础\C++基础-1.md"	"134"	"3"	"左值引用 (`&`) 与右值引用 (`&&`)"
"C++基础\C++基础-1.md"	"150"	"2"	"7. 运算符与控制流"
"C++基础\C++基础-1.md"	"163"	"2"	"8. Lambda 表达式 (匿名函数)"
"C++基础\C++基础-1.md"	"178"	"2"	"📚 拓展学习建议"
"C++基础\C++基础-2.md"	"1"	"1"	"C++ 标准库与核心算法 (第二节课笔记)"
"C++基础\C++基础-2.md"	"3"	"2"	"📌 课程核心目标"
"C++基础\C++基础-2.md"	"9"	"2"	"1. 标准输入输出流 (`<iostream>`)"
"C++基础\C++基础-2.md"	"28"	"2"	"2. 文件读写流 (`<fstream>`)"
"C++基础\C++基础-2.md"	"46"	"2"	"3. 标准模板库 (STL) - 核心容器"
"C++基础\C++基础-2.md"	"50"	"3"	"3.1 顺序容器 (Sequence Containers)"
"C++基础\C++基础-2.md"	"65"	"3"	"3.2 关联容器 (Associative Containers)"
"C++基础\C++基础-2.md"	"87"	"3"	"3.3 容器适配器 (Container Adapters)"
"C++基础\C++基础-2.md"	"102"	"3"	"3.4 容器通用遍历法 (迭代器 & C++11 语法)"
"C++基础\C++基础-2.md"	"125"	"2"	"4. 通用算法库 (`<algorithm>`)"
"C++基础\C++基础-2.md"	"141"	"2"	"5. 课堂实战小拓展"
"C++基础\C++基础-3.md"	"1"	"1"	"C++ 面向对象编程与底层内存结构 (第三节课笔记)"
"C++基础\C++基础-3.md"	"3"	"2"	"📌 课程核心目标"
"C++基础\C++基础-3.md"	"9"	"2"	"1. 类 (Class) 与 结构体 (Struct) 的本质"
"C++基础\C++基础-3.md"	"28"	"2"	"2. 规范化工程：头文件与源文件的分离"
"C++基础\C++基础-3.md"	"46"	"2"	"3. 核心机制：构造、析构与参数传递"
"C++基础\C++基础-3.md"	"48"	"3"	"构造函数 (Constructor)"
"C++基础\C++基础-3.md"	"56"	"3"	"析构函数 (Destructor)"
"C++基础\C++基础-3.md"	"62"	"3"	"传参优化：`const` 引用传参"
"C++基础\C++基础-3.md"	"73"	"2"	"4. 友元函数 (`friend`)"
"C++基础\C++基础-3.md"	"81"	"2"	"5. 底层性能核武：数据对齐与极限压缩 (CG/GPU 编程必备)"
"C++基础\C++基础-3.md"	"85"	"3"	"结构体内存对齐 (Memory Alignment)"
"C++基础\C++基础-3.md"	"98"	"3"	"联合体 (`union`)"
"C++基础\C++基础-3.md"	"107"	"2"	"6. 课堂实战作业：Time 类与运算符重载"
"C++基础\C++基础-4.md"	"1"	"1"	"C++ 面向对象进阶与泛型编程 (第四节课笔记)"
"C++基础\C++基础-4.md"	"3"	"2"	"📌 课前复盘：Vector 自定义类实现细节"
"C++基础\C++基础-4.md"	"18"	"2"	"1. 面向对象编程 (OOP) 核心三大特性"
"C++基础\C++基础-4.md"	"20"	"3"	"特性一：封装 (Encapsulation)"
"C++基础\C++基础-4.md"	"26"	"3"	"特性二：继承 (Inheritance / 派生)"
"C++基础\C++基础-4.md"	"38"	"3"	"特性三：多态 (Polymorphism)"
"C++基础\C++基础-4.md"	"57"	"2"	"2. 泛型编程：模板 (Template)"
"C++基础\C++基础-4.md"	"61"	"3"	"函数模板 (Function Template)"
"C++基础\C++基础-4.md"	"78"	"3"	"类模板 (Class Template)"
"C++基础\C++基础-4.md"	"83"	"3"	"模板特化 (Template Specialization)"
"C++基础\C++基础-4.md"	"91"	"2"	"3. 课堂实战与课后作业"
"C++基础\C++基础-4.md"	"93"	"3"	"课堂实战：几何图形的抽象与多态"
"C++基础\C++基础-4.md"	"102"	"3"	"课后作业清单"
"C++基础\C++基础-5.md"	"1"	"1"	"C++ 底层原理与计算机存储结构 (第五节课笔记)"
"C++基础\C++基础-5.md"	"3"	"2"	"📌 课程核心目标"
"C++基础\C++基础-5.md"	"9"	"2"	"1. 计算机存储器金字塔 (The Memory Hierarchy)"
"C++基础\C++基础-5.md"	"13"	"3"	"1.1 金字塔结构（从下到上）"
"C++基础\C++基础-5.md"	"29"	"2"	"2. 核心机制：高速缓存 (Cache) 与命中 (Hit/Miss)"
"C++基础\C++基础-5.md"	"33"	"3"	"2.1 逐层访问逻辑"
"C++基础\C++基础-5.md"	"39"	"3"	"2.2 命中 (Hit) 与 不命中 (Miss)"
"C++基础\C++基础-5.md"	"45"	"3"	"2.3 Cache 的底层结构与寻址（扩展概念）"
"C++基础\C++基础-5.md"	"54"	"3"	"2.4 Cache 的三种映射方式（硬件概念）"
"C++基础\C++基础-5.md"	"60"	"3"	"2.5 缓存替换策略与写策略"
"C++基础\C++基础-5.md"	"77"	"2"	"3. 寄存器 (Registers) 简介"
"C++基础\C++基础-5.md"	"91"	"2"	"4. 终极实战：编写“缓存友好”的代码 (Cache-Friendly Code)"
"C++基础\C++基础-5.md"	"95"	"3"	"4.1 空间局部性 (Spatial Locality)"
"C++基础\C++基础-5.md"	"104"	"3"	"4.2 时间局部性 (Temporal Locality)"
"C++基础\C++基础-5.md"	"113"	"3"	"4.3 整体架构优化"
"C++基础\C++基础-5.md"	"119"	"2"	"📚 讲师强推：进阶必读书目"
"C++基础\C++基础-6.md"	"1"	"1"	"C++ 汇编基础与编译链接原理 (第六节课笔记)"
"C++基础\C++基础-6.md"	"3"	"2"	"📌 课前复盘：模板进阶与运算符重载细节"
"C++基础\C++基础-6.md"	"5"	"3"	"1. 循环优化的底层细节（基于 Cache）"
"C++基础\C++基础-6.md"	"11"	"3"	"2. 前置 `++a` 与 后置 `a++` 的本质区别"
"C++基础\C++基础-6.md"	"21"	"2"	"1. 为什么高级开发者要看懂汇编 (Assembly)？"
"C++基础\C++基础-6.md"	"30"	"2"	"2. 汇编语言核心基础入门"
"C++基础\C++基础-6.md"	"34"	"3"	"2.1 汇编中的数据长度标识"
"C++基础\C++基础-6.md"	"40"	"3"	"2.2 四大核心指令集"
"C++基础\C++基础-6.md"	"62"	"2"	"3. 内存寻址模式与函数堆栈 (Stack)"
"C++基础\C++基础-6.md"	"64"	"3"	"3.1 内存寻址的 5 种姿势"
"C++基础\C++基础-6.md"	"74"	"3"	"3.2 函数调用的底层真相：压栈 (`push`) 与 出栈 (`pop`)"
"C++基础\C++基础-6.md"	"88"	"2"	"4. 程序的最终成型：编译与链接 (Linking)"
"C++基础\C++基础-6.md"	"92"	"3"	"4.1 链接器 (Linker) 的工作"
"C++基础\C++基础-6.md"	"97"	"3"	"4.2 静态链接 vs 动态链接"
"C++基础\C++基础-6.md"	"112"	"3"	"4.3 符号表 (Symbol Table) 与排错 (Debugging)"
"C++基础\C++基础-6.md"	"119"	"2"	"📚 讲师的终极推荐"
"Games104\note_01.md"	"1"	"1"	"游戏引擎架构分层：资源层、功能层与工具层"
"Games104\note_01.md"	"7"	"2"	"一、 核心知识点与原理剖析"
"Games104\note_01.md"	"9"	"3"	"1. 游戏引擎的三大层次"
"Games104\note_01.md"	"14"	"3"	"2. Tick 机制：游戏世界的""永动机"""
"Games104\note_01.md"	"19"	"3"	"3. 核心层的数学与数据结构基础"
"Games104\note_01.md"	"24"	"3"	"4. 引擎的两大组成块"
"Games104\note_01.md"	"29"	"3"	"5. ECS 架构示例（Pilot 项目）"
"Games104\note_01.md"	"35"	"2"	"二、 重点术语与概念解析"
"Games104\note_01.md"	"37"	"3"	"1. Tick"
"Games104\note_01.md"	"40"	"3"	"2. SIMD（Single Instruction Multiple Data）"
"Games104\note_01.md"	"44"	"3"	"3. ECS（Entity-Component-System）"
"Games104\note_01.md"	"47"	"3"	"4. 资源层 / 功能层 / 工具层"
"Games104\note_01.md"	"52"	"2"	"三、 工程经验与避坑指南"
"Games104\note_01.md"	"54"	"3"	"1. 分层思维优先于算法实现"
"Games104\note_01.md"	"58"	"3"	"2. 学习路径建议"
"Games104\note_01.md"	"62"	"3"	"3. 项目实践"
"Games104\note_02.md"	"1"	"1"	"如何构建游戏世界：组件、Tick 与场景管理"
"Games104\note_02.md"	"7"	"2"	"一、 核心知识点与原理剖析"
"Games104\note_02.md"	"9"	"3"	"1. 组件的组合式设计（Component-based Design）"
"Games104\note_02.md"	"14"	"3"	"2. Tick 与系统更新"
"Games104\note_02.md"	"18"	"3"	"3. 事件驱动（Event-driven）的消息机制"
"Games104\note_02.md"	"23"	"3"	"4. N 平方挑战与空间划分"
"Games104\note_02.md"	"28"	"3"	"5. 多线程渲染与逻辑同步"
"Games104\note_02.md"	"32"	"3"	"6. 调试方法论"
"Games104\note_02.md"	"37"	"2"	"二、 重点术语与概念解析"
"Games104\note_02.md"	"39"	"3"	"1. Component（组件）"
"Games104\note_02.md"	"42"	"3"	"2. Handle（句柄）"
"Games104\note_02.md"	"45"	"3"	"3. Tick"
"Games104\note_02.md"	"48"	"3"	"4. Pipeline（流水线）"
"Games104\note_02.md"	"51"	"3"	"5. Event / Message（事件/消息）"
"Games104\note_02.md"	"54"	"3"	"6. 空间划分（Spatial Partitioning）"
"Games104\note_02.md"	"57"	"3"	"7. 逻辑线程 / 渲染线程"
"Games104\note_02.md"	"62"	"2"	"三、 工程经验与避坑指南"
"Games104\note_02.md"	"64"	"3"	"1. 拒绝""不管理""思维"
"Games104\note_02.md"	"67"	"3"	"2. 场景划分的取舍"
"Games104\note_02.md"	"71"	"3"	"3. 内容打磨与协作"
"Games104\note_02.md"	"74"	"3"	"4. 多线程同步"
"Games104\note_03.md"	"1"	"1"	"游戏引擎中的渲染实践：从光栅化到现代 GPU 架构"
"Games104\note_03.md"	"7"	"2"	"一、 核心知识点与原理剖析"
"Games104\note_03.md"	"9"	"3"	"1. 渲染管线的演进与硬件驱动"
"Games104\note_03.md"	"13"	"3"	"2. 经典渲染流程：投影与光栅化"
"Games104\note_03.md"	"18"	"3"	"3. GPU 并行架构（Graphics Processing Unit）"
"Games104\note_03.md"	"24"	"3"	"4. 场景对象与渲染数据组织"
"Games104\note_03.md"	"30"	"3"	"5. 场景管理：坐标系、可见性与碰撞"
"Games104\note_03.md"	"36"	"3"	"6. 现代 GPU 特性：Mesh Shader"
"Games104\note_03.md"	"40"	"3"	"7. 引擎编辑器实践"
"Games104\note_03.md"	"48"	"2"	"二、 重点术语与概念解析"
"Games104\note_03.md"	"50"	"3"	"1. 投影（Projection）"
"Games104\note_03.md"	"53"	"3"	"2. 光栅化（Rasterization）"
"Games104\note_03.md"	"56"	"3"	"3. GPU / CUDA Core"
"Games104\note_03.md"	"59"	"3"	"4. Cache（缓存）"
"Games104\note_03.md"	"62"	"3"	"5. Mesh / Vertex / Texture"
"Games104\note_03.md"	"65"	"3"	"6. PBR（Physically Based Rendering）"
"Games104\note_03.md"	"68"	"3"	"7. 凸包（Convex Hull）"
"Games104\note_03.md"	"71"	"3"	"8. Mesh Shader / Amplification Shader"
"Games104\note_03.md"	"76"	"2"	"三、 工程经验与避坑指南"
"Games104\note_03.md"	"78"	"3"	"1. 缓存友好的数据处理"
"Games104\note_03.md"	"81"	"3"	"2. 减少无效绘制"
"Games104\note_03.md"	"84"	"3"	"3. 顶点数据与资源复用"
"Games104\note_03.md"	"87"	"3"	"4. 编辑器工作流"
"Games104\note_04.md"	"1"	"1"	"渲染中光和材质的数学魔法：渲染方程、球谐函数与软阴影"
"Games104\note_04.md"	"7"	"2"	"一、 核心知识点与原理剖析"
"Games104\note_04.md"	"9"	"3"	"1. 渲染方程与挑战"
"Games104\note_04.md"	"13"	"3"	"2. 材质模型"
"Games104\note_04.md"	"18"	"3"	"3. 预计算与全局光照"
"Games104\note_04.md"	"22"	"3"	"4. 球谐函数（Spherical Harmonics, SH）"
"Games104\note_04.md"	"28"	"3"	"5. 阴影技术：Shadow Map 与 PCSS"
"Games104\note_04.md"	"34"	"3"	"6. 法线分布与反射系数"
"Games104\note_04.md"	"38"	"3"	"7. 材质模型的实践选择"
"Games104\note_04.md"	"42"	"3"	"8. 渲染工程化"
"Games104\note_04.md"	"48"	"2"	"二、 重点术语与概念解析"
"Games104\note_04.md"	"50"	"3"	"1. BRDF（Bidirectional Reflectance Distribution Function）"
"Games104\note_04.md"	"53"	"3"	"2. Blinn-Phong 模型"
"Games104\note_04.md"	"56"	"3"	"3. 渲染方程（Rendering Equation）"
"Games104\note_04.md"	"59"	"3"	"4. 球谐函数（Spherical Harmonics, SH）"
"Games104\note_04.md"	"62"	"3"	"5. Shadow Map / PCF / PCSS"
"Games104\note_04.md"	"65"	"3"	"6. 预计算（Pre-computation）"
"Games104\note_04.md"	"68"	"3"	"7. 菲涅尔效应（Fresnel Effect）"
"Games104\note_04.md"	"71"	"3"	"8. HLSL / GLSL"
"Games104\note_04.md"	"76"	"2"	"三、 工程经验与避坑指南"
"Games104\note_04.md"	"78"	"3"	"1. 空间换时间的工程哲学"
"Games104\note_04.md"	"81"	"3"	"2. 软阴影的工程选择"
"Games104\note_04.md"	"84"	"3"	"3. 材质模型实现细节"
"Games104\note_04.md"	"87"	"3"	"4. 跨平台 Shader 管理"
"Games104\note_04.md"	"90"	"3"	"5. 关注前沿方向"
"Games104\note_05.md"	"1"	"1"	"地形、大气与云的实时渲染技术：大气散射、预计算天空与体积云"
"Games104\note_05.md"	"5"	"2"	"一、 核心知识点与原理剖析"
"Games104\note_05.md"	"7"	"3"	"1. 天空与云的认知基础"
"Games104\note_05.md"	"13"	"3"	"2. Participating Media（参与介质）——光的散射基础"
"Games104\note_05.md"	"31"	"3"	"3. 真实大气物理学：瑞利散射与米氏散射"
"Games104\note_05.md"	"65"	"3"	"4. 单次散射（Single Scattering）与多次散射（Multi Scattering）"
"Games104\note_05.md"	"72"	"3"	"5. Ray Marching（射线步进）算法"
"Games104\note_05.md"	"77"	"3"	"6. 预计算大气散射（Precomputed Atmospheric Scattering，Bruneton 方法）"
"Games104\note_05.md"	"102"	"3"	"7. 可扩展的生产级天空方案（UE5 采用的方法）"
"Games104\note_05.md"	"118"	"3"	"8. 体积云渲染（Volumetric Cloud Rendering）"
"Games104\note_05.md"	"157"	"2"	"二、 重点术语与概念解析"
"Games104\note_05.md"	"159"	"3"	"1. Participating Media（参与介质）"
"Games104\note_05.md"	"163"	"3"	"2. Transmittance（通透度）"
"Games104\note_05.md"	"167"	"3"	"3. 辐射传输方程（RTE）与体积渲染方程（VRE）"
"Games104\note_05.md"	"171"	"3"	"4. 瑞利散射（Rayleigh Scattering）"
"Games104\note_05.md"	"175"	"3"	"5. 米氏散射（Mie Scattering）"
"Games104\note_05.md"	"179"	"3"	"6. 相位函数（Phase Function）"
"Games104\note_05.md"	"183"	"3"	"7. $g$ 参数（各向异性参数）"
"Games104\note_05.md"	"187"	"3"	"8. 单次散射（Single Scattering）与多次散射（Multi Scattering）"
"Games104\note_05.md"	"191"	"3"	"9. Ray Marching（射线步进）"
"Games104\note_05.md"	"195"	"3"	"10. 查找表（Lookup Table, LUT）"
"Games104\note_05.md"	"199"	"3"	"11. 预计算大气散射（Precomputed Atmospheric Scattering）"
"Games104\note_05.md"	"203"	"3"	"12. 卡门线（Kármán Line）"
"Games104\note_05.md"	"207"	"3"	"13. Aerosol（气溶胶）"
"Games104\note_05.md"	"211"	"3"	"14. Voxel（体素）与 Voxel Texture"
"Games104\note_05.md"	"215"	"3"	"15. Perlin Noise（柏林噪声）"
"Games104\note_05.md"	"219"	"3"	"16. Worley Noise（沃利噪声）与 Voronoi（沃罗诺伊）划分"
"Games104\note_05.md"	"223"	"3"	"17. Volumetric Cloud（体积云）"
"Games104\note_05.md"	"229"	"2"	"三、 工程经验与避坑指南"
"Games104\note_05.md"	"231"	"3"	"1. 简单拟合天空方法的定位"
"Games104\note_05.md"	"235"	"3"	"2. 预计算大气散射的工程取舍"
"Games104\note_05.md"	"240"	"3"	"3. 多次散射的收敛与终止"
"Games104\note_05.md"	"244"	"3"	"4. 大胆假设是实时渲染的生存法则"
"Games104\note_05.md"	"248"	"3"	"5. 体积云渲染的性能避坑"
"Games104\note_05.md"	"253"	"3"	"6. 数据管理：四叉树的复用"
"Games104\note_05.md"	"257"	"3"	"7. 课程难度认知与学习策略"
"Games104\note_05.md"	"261"	"3"	"8. 关于""公式不用记""的诚实提醒"
"Games104\note_05.md"	"267"	"2"	"四、 课程动态与后续安排"
"Games104\note_05.md"	"269"	"3"	"1. 天空/云的""大作业""建议"
"Games104\note_05.md"	"273"	"3"	"2. PICO 引擎进展汇报"
"Games104\note_05.md"	"277"	"3"	"3. 课程节奏调整（征求同学意见）"
"Games104\note_05.md"	"282"	"3"	"4. 老师的熬夜经验（工作方法）"
"Games104\note_05.md"	"285"	"3"	"5. 结尾预告"
"Games104\note_06.md"	"1"	"1"	"现代游戏渲染管线与后处理技术全解析"
"Games104\note_06.md"	"7"	"2"	"一、 核心知识点与原理剖析"
"Games104\note_06.md"	"9"	"3"	"1. 课程定位与学习方法论"
"Games104\note_06.md"	"17"	"3"	"2. 环境光遮蔽（Ambient Occlusion, AO）"
"Games104\note_06.md"	"59"	"3"	"3. 雾效（Fog）"
"Games104\note_06.md"	"80"	"3"	"4. 反走样（Anti-Aliasing, AA）"
"Games104\note_06.md"	"125"	"3"	"5. 后处理（Post Processing）"
"Games104\note_06.md"	"160"	"3"	"6. 渲染管线（Rendering Pipeline）"
"Games104\note_06.md"	"213"	"3"	"7. VSync（垂直同步）与屏幕呈现"
"Games104\note_06.md"	"220"	"2"	"二、 重点术语与概念解析"
"Games104\note_06.md"	"222"	"3"	"1. Ambient Occlusion（AO，环境光遮蔽）"
"Games104\note_06.md"	"226"	"3"	"2. Meso-structure（中尺度结构）"
"Games104\note_06.md"	"229"	"3"	"3. SSAO（Screen Space Ambient Occlusion）"
"Games104\note_06.md"	"233"	"3"	"4. HBAO（Horizon Based Ambient Occlusion）"
"Games104\note_06.md"	"237"	"3"	"5. GTAO（Ground Truth Based Ambient Occlusion）"
"Games104\note_06.md"	"241"	"3"	"6. Ground Truth（真值/参考正确值）"
"Games104\note_06.md"	"244"	"3"	"7. Multi-scattering（多次散射）"
"Games104\note_06.md"	"247"	"3"	"8. Ray Marching（步进式行进）"
"Games104\note_06.md"	"250"	"3"	"9. Pitch Angle（仰角）"
"Games104\note_06.md"	"253"	"3"	"10. Attenuation（衰减）"
"Games104\note_06.md"	"256"	"3"	"11. Jitter（抖动）"
"Games104\note_06.md"	"259"	"3"	"12. Depth Fog / Linear Fog / Exponential Fog / Exponential Squared Fog"
"Games104\note_06.md"	"262"	"3"	"13. Height Fog（高度雾）"
"Games104\note_06.md"	"265"	"3"	"14. Volumetric Fog（体积雾）"
"Games104\note_06.md"	"268"	"3"	"15. Participating Media（参与介质）"
"Games104\note_06.md"	"271"	"3"	"16. Aliasing（走样/锯齿）"
"Games104\note_06.md"	"274"	"3"	"17. SSAA（Super Sampling Anti-Aliasing）"
"Games104\note_06.md"	"277"	"3"	"18. MSAA（Multi-Sample Anti-Aliasing）"
"Games104\note_06.md"	"280"	"3"	"19. FXAA（Fast Approximate Anti-Aliasing）"
"Games104\note_06.md"	"283"	"3"	"20. TAA（Temporal Anti-Aliasing）"
"Games104\note_06.md"	"287"	"3"	"21. Motion Vector（运动矢量）"
"Games104\note_06.md"	"290"	"3"	"22. Luminance（亮度）"
"Games104\note_06.md"	"293"	"3"	"23. Gaussian Blur（高斯模糊）与可分离卷积"
"Games104\note_06.md"	"296"	"3"	"24. Bloom（泛光/光晕）"
"Games104\note_06.md"	"299"	"3"	"25. Tonemapping（色调映射）"
"Games104\note_06.md"	"302"	"3"	"26. Filmic Curve（电影感曲线）"
"Games104\note_06.md"	"305"	"3"	"27. ACES（Academy Color Encoding System，学院色彩编码系统）"
"Games104\note_06.md"	"308"	"3"	"28. LUT（Look Up Table，查找表）"
"Games104\note_06.md"	"311"	"3"	"29. Forward Rendering（前向渲染）"
"Games104\note_06.md"	"314"	"3"	"30. Transparency Sorting（透明物排序）"
"Games104\note_06.md"	"317"	"3"	"31. Deferred Rendering（延迟渲染）"
"Games104\note_06.md"	"320"	"3"	"32. G-Buffer（几何缓冲）"
"Games104\note_06.md"	"323"	"3"	"33. Overdraw（过度绘制）"
"Games104\note_06.md"	"326"	"3"	"34. Tile Based Rendering（TBR，分块渲染）"
"Games104\note_06.md"	"329"	"3"	"35. Light List（光源列表）"
"Games104\note_06.md"	"332"	"3"	"36. Forward+ / Cluster Based Rendering"
"Games104\note_06.md"	"335"	"3"	"37. Visibility Buffer（可见性缓冲）"
"Games104\note_06.md"	"338"	"3"	"38. Barycentric Coordinates（重心坐标）"
"Games104\note_06.md"	"341"	"3"	"39. Mesh Shader / Geometry Shader"
"Games104\note_06.md"	"344"	"3"	"40. Render Graph / Frame Graph（渲染图/帧图）"
"Games104\note_06.md"	"347"	"3"	"41. Memory Barrier（内存屏障/内存锁）"
"Games104\note_06.md"	"350"	"3"	"42. SRP（Scriptable Render Pipeline，可脚本化渲染管线）"
"Games104\note_06.md"	"353"	"3"	"43. Alias（资源别名/复用）"
"Games104\note_06.md"	"356"	"3"	"44. VSync（垂直同步）"
"Games104\note_06.md"	"359"	"3"	"45. Screen Tearing（画面撕裂）"
"Games104\note_06.md"	"362"	"3"	"46. VRR（Variable Refresh Rate，可变刷新率）"
"Games104\note_06.md"	"367"	"2"	"三、 工程经验与避坑指南"
"Games104\note_06.md"	"369"	"3"	"1. 学习路径与心态"
"Games104\note_06.md"	"374"	"3"	"2. Screen Space（屏幕空间）思想的普适性"
"Games104\note_06.md"	"378"	"3"	"3. 凡事不取预计算（用空间换时间）"
"Games104\note_06.md"	"381"	"3"	"4. 指数函数的解析解优势"
"Games104\note_06.md"	"384"	"3"	"5. 降低计算复杂度的通用方法"
"Games104\note_06.md"	"388"	"3"	"6. 反走样算法选型"
"Games104\note_06.md"	"394"	"3"	"7. 后处理参数与细节"
"Games104\note_06.md"	"399"	"3"	"8. 透明物排序的坑"
"Games104\note_06.md"	"402"	"3"	"9. 渲染管线工程挑战"
"Games104\note_06.md"	"407"	"3"	"10. 小引擎（Pilot）工程经验"
"Games104\note_06.md"	"411"	"3"	"11. 团队与工具理念"
"Games104\note_06.md"	"414"	"3"	"12. Q&A 精选"
"Games104\note_06.md"	"428"	"2"	"四、 课程作业：在小引擎中实现 Color Grading（调色）"
"Games104\note_06.md"	"430"	"3"	"1. 作业背景与动机"
"Games104\note_06.md"	"433"	"3"	"2. 作业要求"
"Games104\note_06.md"	"438"	"3"	"3. 挑战点与细节"
"Games104\note_06.md"	"443"	"3"	"4. 课程安排说明"
"Games104\note_07.md"	"1"	"1"	"游戏引擎动画技术基础：从 2D 精灵到蒙皮动画与旋转数学"
"Games104\note_07.md"	"5"	"2"	"一、核心知识点与原理剖析"
"Games104\note_07.md"	"7"	"3"	"1. 动画的历史渊源与理论基础"
"Games104\note_07.md"	"16"	"3"	"2. 早期游戏动画的鼻祖"
"Games104\note_07.md"	"25"	"3"	"3. 游戏动画的四大核心挑战"
"Games104\note_07.md"	"32"	"3"	"4. 课程总览：动画系统的完整知识体系"
"Games104\note_07.md"	"49"	"3"	"5. 2D 动画技术"
"Games104\note_07.md"	"76"	"3"	"6. 3D 动画技术概览"
"Games104\note_07.md"	"118"	"3"	"7. 动画的创建方式"
"Games104\note_07.md"	"123"	"3"	"8. 蒙皮动画的实现流程（五步）"
"Games104\note_07.md"	"133"	"3"	"9. 动画系统的三个坐标空间"
"Games104\note_07.md"	"141"	"3"	"10. 骨骼与关节系统"
"Games104\note_07.md"	"172"	"3"	"11. 绑定姿势：T-Pose 与 A-Pose"
"Games104\note_07.md"	"178"	"3"	"12. Pose（姿态）与自由度"
"Games104\note_07.md"	"184"	"3"	"13. 旋转的数学表达：从 2D 到欧拉角"
"Games104\note_07.md"	"220"	"3"	"14. 四元数（Quaternion）"
"Games104\note_07.md"	"279"	"2"	"二、重点术语与概念解析"
"Games104\note_07.md"	"281"	"3"	"1. Degree of Freedom（DOF，自由度）"
"Games104\note_07.md"	"285"	"3"	"2. Persistence of Vision（视觉残留）"
"Games104\note_07.md"	"289"	"3"	"3. Sprite Animation（精灵动画）"
"Games104\note_07.md"	"293"	"3"	"4. Live2D"
"Games104\note_07.md"	"297"	"3"	"5. Vertex Animation（顶点动画）"
"Games104\note_07.md"	"301"	"3"	"6. Morph Animation（混合变形动画）"
"Games104\note_07.md"	"305"	"3"	"7. Skinned Animation（蒙皮动画）"
"Games104\note_07.md"	"309"	"3"	"8. Physics Based Animation（物理驱动动画）"
"Games104\note_07.md"	"313"	"3"	"9. Ragdoll（布娃娃系统）"
"Games104\note_07.md"	"317"	"3"	"10. IK / Inverse Kinematics（反向动力学）"
"Games104\note_07.md"	"321"	"3"	"11. Motion Capture（动作捕捉，动捕）"
"Games104\note_07.md"	"325"	"3"	"12. Motion Matching（动作匹配）"
"Games104\note_07.md"	"329"	"3"	"13. Joint 与 Bone（关节与骨骼）"
"Games104\note_07.md"	"333"	"3"	"14. Biped 与 Quadruped（两足/四足生物）"
"Games104\note_07.md"	"337"	"3"	"15. Pelvis（骨盆/尾椎骨骼）"
"Games104\note_07.md"	"341"	"3"	"16. Root Bone（根骨骼）"
"Games104\note_07.md"	"345"	"3"	"17. Mount Joint / Weapon Joint（挂点/武器挂点）"
"Games104\note_07.md"	"349"	"3"	"18. Bound Animation（绑定动画）"
"Games104\note_07.md"	"353"	"3"	"19. T-Pose 与 A-Pose"
"Games104\note_07.md"	"357"	"3"	"20. Pose（姿态）"
"Games104\note_07.md"	"361"	"3"	"21. Euler Angle（欧拉角）"
"Games104\note_07.md"	"365"	"3"	"22. Yaw / Pitch / Roll（航向角 / 俯仰角 / 滚转角）"
"Games104\note_07.md"	"369"	"3"	"23. Gimbal Lock（万向节锁）"
"Games104\note_07.md"	"373"	"3"	"24. Quaternion（四元数）"
"Games104\note_07.md"	"377"	"3"	"25. Watertight（水密性）"
"Games104\note_07.md"	"383"	"2"	"三、工程经验与避坑指南"
"Games104\note_07.md"	"385"	"3"	"1. 蒙皮动画的""模型炸开""问题"
"Games104\note_07.md"	"389"	"3"	"2. 动画数据一定要压缩"
"Games104\note_07.md"	"393"	"3"	"3. 欧拉角在动画中的禁用原则"
"Games104\note_07.md"	"397"	"3"	"4. 标准骨骼结构必须行业统一"
"Games104\note_07.md"	"401"	"3"	"5. Root 骨骼的位置有讲究"
"Games104\note_07.md"	"404"	"3"	"6. T-Pose 已过时"
"Games104\note_07.md"	"407"	"3"	"7. 动画与 Gameplay 密不可分"
"Games104\note_07.md"	"411"	"3"	"8. 实时预算意识"
"Games104\note_07.md"	"414"	"3"	"9. 数学公式""拿来即用"""
"Games104\note_07.md"	"417"	"3"	"10. Q&A / 老师观点摘录"
"Games104\note_07.md"	"425"	"2"	"四、工程实践展望（下节课预告）"
"Games104\note_08.md"	"1"	"1"	"游戏引擎动画技术基础：关节姿态表达、蒙皮矩阵与数据压缩"
"Games104\note_08.md"	"5"	"2"	"一、核心知识点与原理剖析"
"Games104\note_08.md"	"7"	"3"	"1. 关节（Joint）姿态的表达：旋转、平移与放缩"
"Games104\note_08.md"	"41"	"3"	"2. 动画数据为什么要存储在局部坐标系（Local Space）"
"Games104\note_08.md"	"56"	"3"	"3. 顶点与骨骼的绑定：Skinning Matrix（蒙皮矩阵）"
"Games104\note_08.md"	"90"	"3"	"4. 矩阵调色板（Matrix Palette）"
"Games104\note_08.md"	"99"	"3"	"5. 蒙皮动画（Skinned Animation）：多关节加权"
"Games104\note_08.md"	"115"	"3"	"6. 动画片段（Clip）与插值（Interpolation）"
"Games104\note_08.md"	"150"	"3"	"7. 动画渲染管线（Animation Pipeline）"
"Games104\note_08.md"	"163"	"3"	"8. 动画数据压缩（Animation Compression）"
"Games104\note_08.md"	"230"	"3"	"9. 压缩误差的传播（Error Propagation）与 Visual Error"
"Games104\note_08.md"	"254"	"3"	"10. 动画的制作流程（Animation Pipeline 的美术侧）"
"Games104\note_08.md"	"269"	"3"	"11. 导出文件格式：FBX"
"Games104\note_08.md"	"276"	"2"	"二、重点术语与概念解析"
"Games104\note_08.md"	"278"	"3"	"1. Orientation / Rotation（朝向 / 旋转）"
"Games104\note_08.md"	"282"	"3"	"2. Affine Matrix（仿射矩阵）"
"Games104\note_08.md"	"286"	"3"	"3. Local Space（局部坐标系）与 Model Space（模型坐标系）"
"Games104\note_08.md"	"290"	"3"	"4. Bind Pose（绑定姿态 / 绑定姿势）"
"Games104\note_08.md"	"294"	"3"	"5. Skin Matrix（蒙皮矩阵）"
"Games104\note_08.md"	"298"	"3"	"6. Matrix Palette（矩阵调色板）"
"Games104\note_08.md"	"302"	"3"	"7. Clip（动画片段）"
"Games104\note_08.md"	"306"	"3"	"8. Pose（姿态）与 Frame（帧）"
"Games104\note_08.md"	"310"	"3"	"9. Nlerp（Normalized Linear Interpolation，归一化线性插值）"
"Games104\note_08.md"	"314"	"3"	"10. Slerp（Spherical Linear Interpolation，球面插值）"
"Games104\note_08.md"	"318"	"3"	"11. Magic Number（魔法数 / 经验阈值）"
"Games104\note_08.md"	"322"	"3"	"12. Keyframe（关键帧）"
"Games104\note_08.md"	"326"	"3"	"13. Catmull-Rom 曲线"
"Games104\note_08.md"	"330"	"3"	"14. Merlin 算法（关键帧抽取算法）"
"Games104\note_08.md"	"334"	"3"	"15. 定点数（Fixed Point）"
"Games104\note_08.md"	"338"	"3"	"16. Visual Error（视觉误差）"
"Games104\note_08.md"	"342"	"3"	"17. Rigid Body（刚体）"
"Games104\note_08.md"	"346"	"3"	"18. Morph Target（形态目标 / 顶点混合）"
"Games104\note_08.md"	"350"	"3"	"19. Gameplay Joint（玩法关节）"
"Games104\note_08.md"	"354"	"3"	"20. PVS（骨盆 / 尾椎）骨骼"
"Games104\note_08.md"	"358"	"3"	"21. Root Motion（根运动 / 位移曲线）"
"Games104\note_08.md"	"362"	"3"	"22. GPU Driven（GPU 驱动渲染）"
"Games104\note_08.md"	"366"	"3"	"23. FBX"
"Games104\note_08.md"	"372"	"2"	"三、工程经验与避坑指南"
"Games104\note_08.md"	"374"	"3"	"1. 动画系统只有两大数学核心"
"Games104\note_08.md"	"377"	"3"	"2. 绑定逆矩阵必须预先存储"
"Games104\note_08.md"	"380"	"3"	"3. 蒙皮加权必须在模型空间完成"
"Games104\note_08.md"	"383"	"3"	"4. 旋转插值必须处理最短路径"
"Games104\note_08.md"	"386"	"3"	"5. 动画压缩的误差会沿骨骼链放大（Halo 实战教训）"
"Games104\note_08.md"	"391"	"3"	"6. 误差补偿会引入高频抖动"
"Games104\note_08.md"	"394"	"3"	"7. 低精度 Mesh 做动画，关节处加网格环"
"Games104\note_08.md"	"398"	"3"	"8. Root 位移单独导出为位移曲线"
"Games104\note_08.md"	"401"	"3"	"9. 商业引擎必须压缩动画数据"
"Games104\note_08.md"	"405"	"3"	"10. 顶点绑定关节数量的实践限制"
"Games104\note_08.md"	"409"	"3"	"11. 骨骼与场景碰撞的正确做法：Rigid Body，而非蒙皮矩阵"
"Games104\note_08.md"	"416"	"3"	"12. Morph Target 与蒙皮动画是两套不同的技术"
"Games104\note_08.md"	"421"	"3"	"13. 大牌引擎与土鳖引擎的差距：滤镜（Color Grading）"
"Games104\note_08.md"	"425"	"3"	"14. 引擎重构与社区共创"
"Games104\note_08.md"	"431"	"2"	"四、课程作业回顾与社区活动"
"Games104\note_08.md"	"433"	"3"	"1. 上一节作业点评：Color Grading（滤镜）"
"Games104\note_08.md"	"440"	"3"	"2. 引擎重构与 Wiki"
"Games104\note_08.md"	"445"	"3"	"3. 引擎命名征集活动"
"Games104\note_08.md"	"451"	"3"	"4. 未来作业预告"
"Games104\note_09.md"	"1"	"1"	"高级动画技术：动画树（Animation Tree）、反向动力学（IK）与表情动画"
"Games104\note_09.md"	"5"	"2"	"一、核心知识点与原理剖析"
"Games104\note_09.md"	"9"	"3"	"1. 动画混合（Animation Blending）——动画系统最底层的系统"
"Games104\note_09.md"	"43"	"3"	"2. 局部混合与叠加混合（Mask Blending 与 Additive Blending）"
"Games104\note_09.md"	"60"	"3"	"3. 动画状态机（Animation State Machine，ASM）"
"Games104\note_09.md"	"89"	"3"	"4. 动画树（Animation Tree / Animation Blueprint）"
"Games104\note_09.md"	"113"	"3"	"5. 反向动力学（Inverse Kinematics，IK）"
"Games104\note_09.md"	"189"	"3"	"6. 表情动画（Facial Animation）"
"Games104\note_09.md"	"214"	"3"	"7. 动画重定向（Animation Retargeting）"
"Games104\note_09.md"	"258"	"3"	"8. 本节总结：一套基本完整的高级动画系统"
"Games104\note_09.md"	"267"	"2"	"二、重点术语与概念解析"
"Games104\note_09.md"	"269"	"3"	"1. Blending（动画混合）"
"Games104\note_09.md"	"273"	"3"	"2. Timeline Alignment（时间轴对齐）"
"Games104\note_09.md"	"277"	"3"	"3. Blend Space（混合空间）"
"Games104\note_09.md"	"281"	"3"	"4. Delaunay Triangulation（三角剖分）/ Barycentric Coordinates（重心坐标）"
"Games104\note_09.md"	"285"	"3"	"5. Skeleton Mask Blending（骨骼遮罩混合）"
"Games104\note_09.md"	"289"	"3"	"6. Additive Blending（叠加混合）"
"Games104\note_09.md"	"293"	"3"	"7. Animation State Machine / ASM（动画状态机）"
"Games104\note_09.md"	"297"	"3"	"8. Layered ASM（分层动画状态机）"
"Games104\note_09.md"	"301"	"3"	"9. Animation Tree / Animation Blueprint（动画树）"
"Games104\note_09.md"	"305"	"3"	"10. Variable / Event（动画树控制变量与事件）"
"Games104\note_09.md"	"309"	"3"	"11. Forward Kinematics / FK（正向动力学）"
"Games104\note_09.md"	"313"	"3"	"12. Inverse Kinematics / IK（反向动力学）"
"Games104\note_09.md"	"317"	"3"	"13. End Effector（末端效果器）"
"Games104\note_09.md"	"321"	"3"	"14. Two-Bone IK（双骨骼 IK）"
"Games104\note_09.md"	"325"	"3"	"15. Constraint of Joints（关节约束）"
"Games104\note_09.md"	"329"	"3"	"16. CCD（Cyclic Coordinate Descent，循环坐标下降）"
"Games104\note_09.md"	"333"	"3"	"17. FABRIK（Forward And Backward Reaching IK）"
"Games104\note_09.md"	"337"	"3"	"18. Jacobian Matrix（雅克比矩阵）"
"Games104\note_09.md"	"341"	"3"	"19. Post Process（动画后处理）"
"Games104\note_09.md"	"345"	"3"	"20. FACS（Facial Action Coding System，面部动作编码系统）"
"Games104\note_09.md"	"349"	"3"	"21. Action Unit / AU（表情单元）"
"Games104\note_09.md"	"353"	"3"	"22. Morph Target Animation / Blend Shape（形态目标动画）"
"Games104\note_09.md"	"357"	"3"	"23. Metahuman（Unreal 的虚拟人工具）"
"Games104\note_09.md"	"361"	"3"	"24. Animation Retargeting（动画重定向）"
"Games104\note_09.md"	"365"	"3"	"25. Binding Pose（绑定姿势）"
"Games104\note_09.md"	"369"	"3"	"26. Foot Skating / Ice Skating（滑步）"
"Games104\note_09.md"	"373"	"3"	"27. Broken Case（异常姿势）"
"Games104\note_09.md"	"377"	"3"	"28. Position Based Dynamics / PBD（基于位置动力学）"
"Games104\note_09.md"	"381"	"3"	"29. Error Tolerance（误差容忍度）"
"Games104\note_09.md"	"387"	"2"	"三、工程经验与避坑指南"
"Games104\note_09.md"	"389"	"3"	"1. Blending 的坑：基础概念不清必写 Bug"
"Games104\note_09.md"	"394"	"3"	"2. Additive Blending 要谨慎"
"Games104\note_09.md"	"398"	"3"	"3. 与动画师（Artist）协作的经验"
"Games104\note_09.md"	"403"	"3"	"4. IK 的踩坑点"
"Games104\note_09.md"	"410"	"3"	"5. 引擎与工具链经验"
"Games104\note_09.md"	"416"	"3"	"6. 课程组的反馈与社区运营"
"Games104\note_09.md"	"426"	"2"	"四、Q&A 问答实录"
"Games104\note_09.md"	"428"	"3"	"1. 有没有三维的 Blend Space？"
"Games104\note_09.md"	"434"	"3"	"2. 面部表情是不是通过顶点动画做的？"
"Games104\note_09.md"	"439"	"3"	"3. 动画领域最前沿的问题是什么？"
"Games104\note_09.md"	"446"	"2"	"五、作业与实战建议"
"Games104\note_10.md"	"1"	"1"	"物理系统的高级应用：角色控制器、布娃娃、布料模拟、破坏系统与载具系统"
"Games104\note_10.md"	"5"	"2"	"一、核心知识点与原理剖析"
"Games104\note_10.md"	"7"	"3"	"1. Character Controller 角色控制器"
"Games104\note_10.md"	"82"	"3"	"2. Ragdoll 布娃娃系统"
"Games104\note_10.md"	"130"	"3"	"3. 布料模拟（Cloth Simulation）"
"Games104\note_10.md"	"215"	"3"	"4. 破坏系统（Destruction）"
"Games104\note_10.md"	"279"	"3"	"5. 载具系统（Vehicle）"
"Games104\note_10.md"	"344"	"3"	"6. PBD 与 XPBD（前沿物理方法）"
"Games104\note_10.md"	"396"	"2"	"二、重点术语与概念解析"
"Games104\note_10.md"	"398"	"3"	"1. Dynamic Object（动态物体）"
"Games104\note_10.md"	"402"	"3"	"2. Kinematic Actor（运动学物体）"
"Games104\note_10.md"	"406"	"3"	"3. Teleport（瞬移）"
"Games104\note_10.md"	"410"	"3"	"4. Sliding（沿墙滑动）"
"Games104\note_10.md"	"414"	"3"	"5. Stepping（上台阶）"
"Games104\note_10.md"	"418"	"3"	"6. Slope Limit（最大爬坡角）"
"Games104\note_10.md"	"422"	"3"	"7. Raycast（射线检测）"
"Games104\note_10.md"	"426"	"3"	"8. Ragdoll（布娃娃系统）"
"Games104\note_10.md"	"430"	"3"	"9. Joint Constraint（关节约束）"
"Games104\note_10.md"	"434"	"3"	"10. Animation Retargeting（动画重定向）"
"Games104\note_10.md"	"438"	"3"	"11. Physics Ragdoll / Animation-Physics Blending（动画物理混合）"
"Games104\note_10.md"	"442"	"3"	"12. Animated Bones（动画骨骼法布料）"
"Games104\note_10.md"	"446"	"3"	"13. Dynamic Bone（动力学骨骼）"
"Games104\note_10.md"	"450"	"3"	"14. Mesh-based Cloth Simulation（基于网格的布料模拟）"
"Games104\note_10.md"	"454"	"3"	"15. Physical Mesh（物理网格）"
"Games104\note_10.md"	"458"	"3"	"16. Spring-Mass Model（弹簧质点模型）"
"Games104\note_10.md"	"462"	"3"	"17. Damping（阻尼/衰减）"
"Games104\note_10.md"	"466"	"3"	"18. Verlet Integration（Verlet 积分）"
"Games104\note_10.md"	"470"	"3"	"19. Semi-implicit Euler（半隐式欧拉积分）"
"Games104\note_10.md"	"474"	"3"	"20. Self Collision（自碰撞/自穿插）"
"Games104\note_10.md"	"478"	"3"	"21. SDF（Signed Distance Field，符号距离场）"
"Games104\note_10.md"	"482"	"3"	"22. Destruction（破坏系统）"
"Games104\note_10.md"	"486"	"3"	"23. Chunk（碎片）"
"Games104\note_10.md"	"490"	"3"	"24. Hardness（硬度）/ Connection Value（连接权重）"
"Games104\note_10.md"	"494"	"3"	"25. Voronoi（沃罗诺伊分割）"
"Games104\note_10.md"	"498"	"3"	"26. Delaunay Triangulation（德劳内三角化）"
"Games104\note_10.md"	"502"	"3"	"27. Supporting Graph（支撑图）"
"Games104\note_10.md"	"506"	"3"	"28. Vehicle（载具系统）"
"Games104\note_10.md"	"510"	"3"	"29. Suspension（悬挂系统）"
"Games104\note_10.md"	"514"	"3"	"30. Torque（扭矩）"
"Games104\note_10.md"	"518"	"3"	"31. Differential（差速器）"
"Games104\note_10.md"	"522"	"3"	"32. Weight Transfer（重量转移）"
"Games104\note_10.md"	"526"	"3"	"33. Ackermann Steering Angle（阿克曼转向角）"
"Games104\note_10.md"	"530"	"3"	"34. PBD（Position Based Dynamics，基于位置的动力学）"
"Games104\note_10.md"	"534"	"3"	"35. XPBD（Extended Position Based Dynamics，扩展的基于位置的动力学）"
"Games104\note_10.md"	"538"	"3"	"36. Jacobian Matrix（雅可比矩阵）"
"Games104\note_10.md"	"542"	"3"	"37. Compliance Matrix（服从度矩阵）"
"Games104\note_10.md"	"546"	"3"	"38. Callback（回调）"
"Games104\note_10.md"	"552"	"2"	"三、工程经验与避坑指南"
"Games104\note_10.md"	"554"	"3"	"1. 课程学习方法论"
"Games104\note_10.md"	"558"	"3"	"2. 反馈与沟通渠道"
"Games104\note_10.md"	"563"	"3"	"3. Deterministic（确定性）问题的工程现实"
"Games104\note_10.md"	"567"	"3"	"4. 小引擎工程实践（0.06 版本更新）"
"Games104\note_10.md"	"573"	"3"	"5. 角色移动的手感定制"
"Games104\note_10.md"	"577"	"3"	"6. Halo 项目经验：门的尺寸"
"Games104\note_10.md"	"580"	"3"	"7. 物理与动画的边界"
"Games104\note_10.md"	"584"	"3"	"8. Damping 是黑科技"
"Games104\note_10.md"	"587"	"3"	"9. 布料权重刷与穿模"
"Games104\note_10.md"	"591"	"3"	"10. 破坏系统的""物理学吐槽"""
"Games104\note_10.md"	"595"	"3"	"11. 碎片不要参与逻辑结算"
"Games104\note_10.md"	"598"	"3"	"12. 音效/特效与物理系统的集成"
"Games104\note_10.md"	"603"	"3"	"13. 关于""物理越真实越好吗"""
"Games104\note_10.md"	"609"	"3"	"14. 物理引擎的并行与性能"
"Games104\note_10.md"	"614"	"3"	"15. 布娃娃鬼畜的原因（Q&A）"
"Games104\note_10.md"	"621"	"3"	"16. 爆炸与可破坏物体的交互（Q&A）"
"Games104\note_10.md"	"626"	"3"	"17. 参考资料惯例（Reference）"
"Games104\note_10.md"	"632"	"2"	"四、大作业（基于动画与物理的前四节课内容）"
"Games104\note_10.md"	"634"	"3"	"1. 作业背景"
"Games104\note_10.md"	"639"	"3"	"2. 基础作业：动画混合系统 + 动画状态机"
"Games104\note_10.md"	"644"	"3"	"3. 高级作业：Character Controller"
"Games104\note_10.md"	"654"	"2"	"五、重点公式汇总"
"Games104\note_10.md"	"656"	"3"	"1. 胡克定律（弹簧弹力）"
"Games104\note_10.md"	"660"	"3"	"2. 空气阻力（低速线性近似）"
"Games104\note_10.md"	"664"	"3"	"3. 半隐式欧拉积分"
"Games104\note_10.md"	"668"	"3"	"4. Verlet 积分"
"Games104\note_10.md"	"671"	"3"	"5. 匀速圆周运动的约束"
"Games104\note_10.md"	"674"	"3"	"6. 弹簧的约束"
"Games104\note_10.md"	"677"	"3"	"7. 弹簧势能（XPBD 类比）"
"Games104\note_10.md"	"680"	"3"	"8. XPBD 服从度矩阵（势能表达）"
"Games104\note_10.md"	"683"	"3"	"9. 破坏判定（冲量与硬度）"
"Games104\note_11.md"	"1"	"1"	"游戏引擎中的粒子系统与声效系统：从基础原理到工程实现"
"Games104\note_11.md"	"3"	"2"	"一、 核心知识点与原理剖析"
"Games104\note_11.md"	"5"	"3"	"1. 特效系统总览与粒子系统的历史"
"Games104\note_11.md"	"12"	"3"	"2. 粒子系统的基础构成：Particle、Emitter 与 System"
"Games104\note_11.md"	"44"	"3"	"3. 粒子模拟（Simulation）"
"Games104\note_11.md"	"58"	"3"	"4. 粒子的视觉形态：Billboard、Mesh 与 Ribbon"
"Games104\note_11.md"	"86"	"3"	"5. 透明物排序（Transparency Sorting）问题"
"Games104\note_11.md"	"97"	"3"	"6. 性能问题：Overdraw 与 Half Resolution 渲染"
"Games104\note_11.md"	"113"	"3"	"7. GPU 粒子系统：Particle Pool 与 Alive/Dead List"
"Games104\note_11.md"	"136"	"3"	"8. GPU 上的并行排序：Merge Sort 与缓存一致性"
"Games104\note_11.md"	"149"	"3"	"9. 基于深度缓冲的 GPU 粒子碰撞"
"Games104\note_11.md"	"156"	"3"	"10. 高级应用：Crowd 人群模拟与状态机粒子"
"Games104\note_11.md"	"174"	"3"	"11. 古典粒子系统与现代粒子系统（以 Niagara 为例）"
"Games104\note_11.md"	"191"	"3"	"12. 声学基础：音量、音调、音色与分贝"
"Games104\note_11.md"	"210"	"3"	"13. 数字音频：PCM、采样定理与音频格式"
"Games104\note_11.md"	"230"	"3"	"14. 3D 声音渲染：Listener 与声场空间感"
"Games104\note_11.md"	"253"	"3"	"15. 声音衰减（Attenuation）与遮蔽（Occlusion）"
"Games104\note_11.md"	"272"	"3"	"16. 混响（Reverb）与多普勒效应（Doppler Effect）"
"Games104\note_11.md"	"297"	"3"	"17. 声音中间件与游戏音频架构"
"Games104\note_11.md"	"318"	"2"	"二、 重点术语与概念解析"
"Games104\note_11.md"	"320"	"3"	"1. Particle（粒子）"
"Games104\note_11.md"	"324"	"3"	"2. Emitter（发射器）"
"Games104\note_11.md"	"328"	"3"	"3. System（粒子系统）"
"Games104\note_11.md"	"332"	"3"	"4. Billboard（公告板）"
"Games104\note_11.md"	"336"	"3"	"5. Mesh Particle（网格粒子）"
"Games104\note_11.md"	"340"	"3"	"6. Ribbon / Beam Particle（光带粒子）"
"Games104\note_11.md"	"344"	"3"	"7. Catmull-Rom Curve（卡特莫尔-罗姆曲线）"
"Games104\note_11.md"	"348"	"3"	"8. Overdraw（过度绘制）"
"Games104\note_11.md"	"352"	"3"	"9. Half Resolution（半分辨率渲染）"
"Games104\note_11.md"	"356"	"3"	"10. DLSS"
"Games104\note_11.md"	"360"	"3"	"11. Particle Pool（粒子池）"
"Games104\note_11.md"	"364"	"3"	"12. Alive List / Dead List（存活列表 / 死亡列表）"
"Games104\note_11.md"	"368"	"3"	"13. Compute Shader（计算着色器）"
"Games104\note_11.md"	"372"	"3"	"14. View Frustum Culling（视锥剔除）"
"Games104\note_11.md"	"376"	"3"	"15. Merge Sort（归并排序）"
"Games104\note_11.md"	"380"	"3"	"16. SDF（Signed Distance Field，带符号距离场）"
"Games104\note_11.md"	"384"	"3"	"17. State Machine（状态机）粒子"
"Games104\note_11.md"	"388"	"3"	"18. Niagara"
"Games104\note_11.md"	"392"	"3"	"19. Technical Artist（技术美术）"
"Games104\note_11.md"	"396"	"3"	"20. Decibel（分贝，dB）"
"Games104\note_11.md"	"400"	"3"	"21. Pitch（音调）"
"Games104\note_11.md"	"404"	"3"	"22. Timbre（音色）"
"Games104\note_11.md"	"408"	"3"	"23. PCM（Pulse Code Modulation，脉冲编码调制）"
"Games104\note_11.md"	"412"	"3"	"24. 香农采样定理（Shannon Sampling Theorem）"
"Games104\note_11.md"	"416"	"3"	"25. WAVE / FLAC / MP3 / OGG"
"Games104\note_11.md"	"420"	"3"	"26. Listener（听者）"
"Games104\note_11.md"	"424"	"3"	"27. Panning（声像定位）"
"Games104\note_11.md"	"428"	"3"	"28. Attenuation（声音衰减）"
"Games104\note_11.md"	"432"	"3"	"29. Occlusion（遮蔽）"
"Games104\note_11.md"	"436"	"3"	"30. Reverb（混响）"
"Games104\note_11.md"	"440"	"3"	"31. Doppler Effect（多普勒效应）"
"Games104\note_11.md"	"444"	"3"	"32. Middleware（中间件）"
"Games104\note_11.md"	"448"	"2"	"三、 工程经验与避坑指南"
"Games104\note_11.md"	"450"	"3"	"1. 新引擎命名与品牌（PICO）"
"Games104\note_11.md"	"455"	"3"	"2. 上期作业（动画系统）常见踩坑"
"Games104\note_11.md"	"461"	"3"	"3. 粒子系统设计经验"
"Games104\note_11.md"	"469"	"3"	"4. GPU 粒子系统实现要点"
"Games104\note_11.md"	"478"	"3"	"5. 音频工程经验"
"Games104\note_11.md"	"487"	"2"	"四、 Q&A 实战答疑"
"Games104\note_11.md"	"489"	"3"	"1. CPU 上写粒子系统是否适合用 ECS？"
"Games104\note_11.md"	"496"	"3"	"2. 粒子系统能否与动画系统、物理系统结合？"
"Games104\note_11.md"	"504"	"3"	"3. Crowd 粒子系统中用到的 SDF 是预计算的吗？"
"Games104\note_12.md"	"1"	"1"	"游戏引擎工具链（Engine Tool Chain）基础：GUI、数据序列化与插件体系"
"Games104\note_12.md"	"3"	"2"	"一、 核心知识点与原理剖析"
"Games104\note_12.md"	"5"	"3"	"1. 工具链在游戏引擎中的定位与核心价值"
"Games104\note_12.md"	"29"	"3"	"2. 工具链的基石一：GUI 系统"
"Games104\note_12.md"	"66"	"3"	"3. 工具链的基石二：数据序列化与反序列化（Load and Save）"
"Games104\note_12.md"	"110"	"3"	"4. 工具链的基石三：Asset Reference 与数据继承"
"Games104\note_12.md"	"132"	"3"	"5. 资产版本兼容性（Asset Version Compatibility）"
"Games104\note_12.md"	"147"	"3"	"6. 工具的鲁棒性：Undo/Redo 与 Command 系统"
"Games104\note_12.md"	"175"	"3"	"7. Schema 系统：从异构数据中提取共性"
"Games104\note_12.md"	"209"	"3"	"8. WYSIWYG（所见即所得）与编辑器架构"
"Games104\note_12.md"	"237"	"3"	"9. 插件系统（Plugin）与引擎平台化"
"Games104\note_12.md"	"249"	"2"	"二、 重点术语与概念解析"
"Games104\note_12.md"	"251"	"3"	"1. DCC（Digital Content Creation）"
"Games104\note_12.md"	"255"	"3"	"2. ACP（Asset Conditioning Pipeline）"
"Games104\note_12.md"	"258"	"3"	"3. GUI（Graphical User Interface）"
"Games104\note_12.md"	"262"	"3"	"4. Immediate Mode / Retained Mode"
"Games104\note_12.md"	"266"	"3"	"5. MVC（Model-View-Controller）"
"Games104\note_12.md"	"270"	"3"	"6. MVP（Model-View-Presenter）"
"Games104\note_12.md"	"274"	"3"	"7. MVVM（Model-View-ViewModel）"
"Games104\note_12.md"	"278"	"3"	"8. Serialization / Deserialization（序列化/反序列化）"
"Games104\note_12.md"	"282"	"3"	"9. Text 格式与结构化描述语言（XML / JSON / YAML）"
"Games104\note_12.md"	"286"	"3"	"10. Binary 格式 / FBX"
"Games104\note_12.md"	"290"	"3"	"11. Asset Reference（资产引用）"
"Games104\note_12.md"	"294"	"3"	"12. Instance / Definition（实例 / 定义）"
"Games104\note_12.md"	"298"	"3"	"13. Variant（变体）"
"Games104\note_12.md"	"302"	"3"	"14. Data Inheritance（数据继承）"
"Games104\note_12.md"	"306"	"3"	"15. Endianness（字节序）"
"Games104\note_12.md"	"310"	"3"	"16. Backward / Forward Compatibility（向后 / 向前兼容）"
"Games104\note_12.md"	"314"	"3"	"17. Protocol Buffers（protobuf）"
"Games104\note_12.md"	"318"	"3"	"18. Command Pattern（命令模式）"
"Games104\note_12.md"	"322"	"3"	"19. UUID（Universally Unique Identifier）"
"Games104\note_12.md"	"326"	"3"	"20. Schema（模式/描述结构）"
"Games104\note_12.md"	"330"	"3"	"21. AST（Abstract Syntax Tree，抽象语法树）"
"Games104\note_12.md"	"334"	"3"	"22. WYSIWYG（What You See Is What You Get）"
"Games104\note_12.md"	"338"	"3"	"23. Play In Editor / Play In World（PIE）"
"Games104\note_12.md"	"342"	"3"	"24. Plugin / Plugin Manager（插件 / 插件管理器）"
"Games104\note_12.md"	"346"	"3"	"25. 弧度 / 欧拉角"
"Games104\note_12.md"	"350"	"2"	"三、 工程经验与避坑指南"
"Games104\note_12.md"	"352"	"3"	"1. 小引擎 API 选型：为什么选 Vulkan 而不是 OpenGL/DX11"
"Games104\note_12.md"	"358"	"3"	"2. 物理引擎选型：为什么接 Jolt"
"Games104\note_12.md"	"363"	"3"	"3. 小引擎环境搭建与 CMake"
"Games104\note_12.md"	"367"	"3"	"4. 工具链开发的通用工程建议"
"Games104\note_12.md"	"374"	"3"	"5. 版本兼容性的坑与推荐做法"
"Games104\note_12.md"	"378"	"3"	"6. 游戏引擎团队是""背锅侠"""
"Games104\note_12.md"	"383"	"3"	"7. Q&A：工具链开发需要的能力是什么"
"Games104\note_12.md"	"388"	"3"	"8. Q&A：用 Web 前端做工具链的多不多"
"Games104\note_12.md"	"393"	"3"	"9. Q&A：协同编辑（Collaborative Editing）的实现现状与展望"
"Games104\note_12.md"	"399"	"3"	"10. 社区答疑与课程目标"
"Games104\note_13.md"	"1"	"1"	"引擎工具链高级概念与应用：World Editor、Plugin 架构、反射系统与协作式编辑"
"Games104\note_13.md"	"5"	"2"	"一、核心知识点与原理剖析"
"Games104\note_13.md"	"7"	"3"	"1. 游戏生产（Production）全景与工具链的基本挑战"
"Games104\note_13.md"	"32"	"3"	"2. World Editor（地图编辑器）架构：作为 Hub 的平台"
"Games104\note_13.md"	"93"	"3"	"3. World Editor 的核心编辑功能"
"Games104\note_13.md"	"142"	"3"	"4. Plugin 架构设计"
"Games104\note_13.md"	"175"	"3"	"5. 线性叙事系统：Sequencer 与 Timeline"
"Games104\note_13.md"	"208"	"3"	"6. 反射系统（Reflection）与 Gameplay"
"Games104\note_13.md"	"261"	"3"	"7. 协作式编辑（Collaborative Editing）"
"Games104\note_13.md"	"307"	"2"	"二、重点术语与概念解析"
"Games104\note_13.md"	"309"	"3"	"1. WYSIWYG"
"Games104\note_13.md"	"313"	"3"	"2. Genre"
"Games104\note_13.md"	"317"	"3"	"3. Editor Mode"
"Games104\note_13.md"	"321"	"3"	"4. Editor Only 代码"
"Games104\note_13.md"	"325"	"3"	"5. Gadget"
"Games104\note_13.md"	"329"	"3"	"6. Content Browser"
"Games104\note_13.md"	"333"	"3"	"7. Height Field / Height Brush"
"Games104\note_13.md"	"337"	"3"	"8. Instance Brush"
"Games104\note_13.md"	"341"	"3"	"9. Rule System（规则系统）"
"Games104\note_13.md"	"345"	"3"	"10. Deterministic / Locality"
"Games104\note_13.md"	"349"	"3"	"11. Plugin 协作模型"
"Games104\note_13.md"	"353"	"3"	"12. Sequencer / Track / Keyframe / Sequence"
"Games104\note_13.md"	"357"	"3"	"13. Reflection（反射）"
"Games104\note_13.md"	"361"	"3"	"14. Schema"
"Games104\note_13.md"	"365"	"3"	"15. AST（Abstract Syntax Tree，抽象语法树）"
"Games104\note_13.md"	"369"	"3"	"16. Clang"
"Games104\note_13.md"	"373"	"3"	"17. Mustache"
"Games104\note_13.md"	"377"	"3"	"18. Accessor（get / set / invoke）"
"Games104\note_13.md"	"381"	"3"	"19. Code Generation（代码生成）"
"Games104\note_13.md"	"385"	"3"	"20. Visual Scripting"
"Games104\note_13.md"	"389"	"3"	"21. Blueprint"
"Games104\note_13.md"	"393"	"3"	"22. Command（命令）"
"Games104\note_13.md"	"397"	"3"	"23. OT（Operational Transform）"
"Games104\note_13.md"	"401"	"3"	"24. CRDT（Conflict-free Replicated Data Type）"
"Games104\note_13.md"	"405"	"3"	"25. OFPA（One File Per Actor）"
"Games104\note_13.md"	"409"	"3"	"26. DCC"
"Games104\note_13.md"	"413"	"3"	"27. PGC / PCG"
"Games104\note_13.md"	"417"	"3"	"28. P4 / SVN"
"Games104\note_13.md"	"421"	"3"	"29. String ID"
"Games104\note_13.md"	"425"	"3"	"30. Novelty"
"Games104\note_13.md"	"429"	"3"	"31. Intermedia Format"
"Games104\note_13.md"	"433"	"3"	"32. MVVM"
"Games104\note_13.md"	"439"	"2"	"三、工程经验与避坑指南"
"Games104\note_13.md"	"441"	"3"	"1. 开课 Q&A 与课程决策"
"Games104\note_13.md"	"454"	"3"	"2. 引擎与 World Editor 架构避坑"
"Games104\note_13.md"	"463"	"3"	"3. 编辑器开发与工具链实战经验"
"Games104\note_13.md"	"479"	"3"	"4. 协作式编辑的实践经验"
"Games104\note_13.md"	"488"	"3"	"5. 职业发展与架构心法"
"Games104\note_13.md"	"495"	"3"	"6. 结课 Q&A"
"Games104\note_13.md"	"509"	"2"	"四、本期作业：开放性命题——打通""资产 → 反射/Schema → 编辑器""链路"
"Games104\note_13.md"	"511"	"3"	"1. 作业背景与目标"
"Games104\note_13.md"	"520"	"3"	"2. 作业示例"
"Games104\note_13.md"	"528"	"3"	"3. 提交方式与支持"
"Games104\note_14.md"	"1"	"1"	"游戏引擎 Gameplay 玩法系统基础：事件系统、脚本系统、可视化脚本与 3C 系统"
"Games104\note_14.md"	"5"	"2"	"一、 核心知识点与原理剖析"
"Games104\note_14.md"	"7"	"3"	"1. Gameplay 玩法系统的定位与挑战"
"Games104\note_14.md"	"31"	"3"	"2. 事件系统（Event System）：GameObject 间通信的基础"
"Games104\note_14.md"	"80"	"3"	"3. Event Queue 的固有缺陷与对策"
"Games104\note_14.md"	"93"	"3"	"4. 脚本系统（Scripting System）：玩法的书写方式"
"Games104\note_14.md"	"146"	"3"	"5. 可视化脚本（Visual Scripting）：面向设计师与艺术家的编程"
"Games104\note_14.md"	"181"	"3"	"6. 3C 系统：Character（角色）、Control（控制）、Camera（相机）"
"Games104\note_14.md"	"224"	"3"	"7. 玩法系统全景总结"
"Games104\note_14.md"	"235"	"2"	"二、 重点术语与概念解析"
"Games104\note_14.md"	"237"	"3"	"1. Publish–Subscribe Pattern（发布—订阅模式）"
"Games104\note_14.md"	"241"	"3"	"2. Event / Message（事件 / 消息）"
"Games104\note_14.md"	"245"	"3"	"3. Event Dispatcher（事件分发器）"
"Games104\note_14.md"	"249"	"3"	"4. Callback / Handler（回调函数 / 处理函数）"
"Games104\note_14.md"	"253"	"3"	"5. Strong Reference / Weak Reference（强引用 / 弱引用）"
"Games104\note_14.md"	"257"	"3"	"6. Ring Buffer（环形缓冲区）"
"Games104\note_14.md"	"261"	"3"	"7. Serialization / Deserialization（序列化 / 反序列化）"
"Games104\note_14.md"	"265"	"3"	"8. Reflection（反射）"
"Games104\note_14.md"	"269"	"3"	"9. Pre-Tick / Post-Tick / Immediate（三种事件处理时机）"
"Games104\note_14.md"	"273"	"3"	"10. Latency（延迟）"
"Games104\note_14.md"	"277"	"3"	"11. Hot Update（热更新）"
"Games104\note_14.md"	"281"	"3"	"12. Bytecode / VM（字节码 / 虚拟机）"
"Games104\note_14.md"	"285"	"3"	"13. GC（Garbage Collection，垃圾回收器）"
"Games104\note_14.md"	"289"	"3"	"14. JIT（Just-In-Time，即时编译）"
"Games104\note_14.md"	"293"	"3"	"15. Visual Scripting（可视化脚本）"
"Games104\note_14.md"	"297"	"3"	"16. Blueprint（蓝图）"
"Games104\note_14.md"	"301"	"3"	"17. 3C（Character, Control, Camera）"
"Games104\note_14.md"	"305"	"3"	"18. ASM（Animation State Machine，动画状态机）"
"Games104\note_14.md"	"309"	"3"	"19. Spring Arm（弹簧臂）"
"Games104\note_14.md"	"313"	"3"	"20. Camera Cage / Camera Track（相机笼 / 相机轨道）"
"Games104\note_14.md"	"317"	"3"	"21. Camera Manager（相机管理器）"
"Games104\note_14.md"	"321"	"3"	"22. Aim Assist（瞄准吸附）"
"Games104\note_14.md"	"325"	"3"	"23. FOV（Field of View，视场角）"
"Games104\note_14.md"	"329"	"3"	"24. Motion Blur（运动模糊）"
"Games104\note_14.md"	"333"	"3"	"25. SDK / 脚本包裹引擎架构"
"Games104\note_14.md"	"337"	"3"	"26. Passive Media / Proactive Media（被动媒体 / 主动媒体）"
"Games104\note_14.md"	"343"	"2"	"三、 工程经验与避坑指南"
"Games104\note_14.md"	"345"	"3"	"1. 事件系统设计"
"Games104\note_14.md"	"353"	"3"	"2. 脚本系统实践"
"Games104\note_14.md"	"360"	"3"	"3. 可视化脚本实践"
"Games104\note_14.md"	"366"	"3"	"4. 3C 系统实践"
"Games104\note_14.md"	"374"	"3"	"5. 工程管理与组织"
"Games104\note_14.md"	"379"	"3"	"6. 小引擎（Pillow）相关"
"Games104\note_14.md"	"386"	"2"	"四、 课堂互动与 Q&A"
"Games104\note_14.md"	"388"	"3"	"1. 课程作业通知与提交提醒"
"Games104\note_14.md"	"395"	"3"	"2. Q&A：接入可视化脚本后是否就不需要传统脚本了"
"Games104\note_14.md"	"400"	"3"	"3. Q&A：未来平台是不是趋向于禁止热更"
"Games104\note_14.md"	"405"	"3"	"4. Q&A：有可能采取""逻辑与表现分离""的方法开发游戏吗"
"Games104\note_15.md"	"1"	"1"	"游戏引擎 Gameplay 玩法系统中的基础 AI：导航、寻路与路径平滑"
"Games104\note_15.md"	"3"	"2"	"一、 核心知识点与原理剖析"
"Games104\note_15.md"	"5"	"3"	"1. AI 系统在游戏引擎中的定位与课程安排"
"Games104\note_15.md"	"14"	"3"	"2. 导航系统（Navigation）的三步骤框架"
"Games104\note_15.md"	"24"	"3"	"3. 世界的表达之一：Walkable Area（可通行区域）"
"Games104\note_15.md"	"39"	"3"	"4. 世界的表达之二：表达格式（Format）总览"
"Games104\note_15.md"	"49"	"3"	"5. Waypoint Network（路点网络）"
"Games104\note_15.md"	"65"	"3"	"6. Grid（规则网格）"
"Games104\note_15.md"	"79"	"3"	"7. Navigation Mesh（寻路网格）"
"Games104\note_15.md"	"95"	"3"	"8. Sparse Octree（稀疏八叉树）：3D 空间表达"
"Games104\note_15.md"	"102"	"3"	"9. 寻路问题（Path Finding）：从图搜索到 A* 算法"
"Games104\note_15.md"	"162"	"3"	"10. 路径平滑（Path Smoothing）：Funnel 漏斗算法"
"Games104\note_15.md"	"176"	"3"	"11. Navigation Mesh 的生成：体素化到多边形的完整管线"
"Games104\note_15.md"	"196"	"2"	"二、 重点术语与概念解析"
"Games104\note_15.md"	"198"	"3"	"1. Navigation / Navigation System（导航 / 导航系统）"
"Games104\note_15.md"	"202"	"3"	"2. Walkable Area（可通行区域）"
"Games104\note_15.md"	"206"	"3"	"3. Waypoint Network（路点网络）"
"Games104\note_15.md"	"210"	"3"	"4. Grid（规则网格）"
"Games104\note_15.md"	"214"	"3"	"5. Navigation Mesh（寻路网格 / NavMesh）"
"Games104\note_15.md"	"218"	"3"	"6. Sparse Octree（稀疏八叉树）"
"Games104\note_15.md"	"222"	"3"	"7. Portal（通道 / 过道）"
"Games104\note_15.md"	"226"	"3"	"8. Polygon Corridor（多边形走廊）"
"Games104\note_15.md"	"230"	"3"	"9. Non-manifold（非流形）"
"Games104\note_15.md"	"234"	"3"	"10. Dijkstra（迪杰斯特拉算法）"
"Games104\note_15.md"	"238"	"3"	"11. Heuristic（启发式）"
"Games104\note_15.md"	"242"	"3"	"12. A*（A Star，A 星算法）"
"Games104\note_15.md"	"246"	"3"	"13. Manhattan Distance（曼哈顿距离 / 棋盘格距离）"
"Games104\note_15.md"	"250"	"3"	"14. Euclidean Distance（欧氏距离）"
"Games104\note_15.md"	"254"	"3"	"15. Path Smoothing（路径平滑 / 路径顺滑）"
"Games104\note_15.md"	"258"	"3"	"16. Funnel Algorithm（漏斗 / 烟囱算法）"
"Games104\note_15.md"	"262"	"3"	"17. Recast"
"Games104\note_15.md"	"266"	"3"	"18. Voxelization（体素化）"
"Games104\note_15.md"	"270"	"3"	"19. Maximum Slope（最大爬坡角度）"
"Games104\note_15.md"	"274"	"3"	"20. Edge Voxel（边界体素）与 Edge Detection（边界检测）"
"Games104\note_15.md"	"278"	"3"	"21. Distance Field（距离场）"
"Games104\note_15.md"	"282"	"3"	"22. Flood Fill（洪水算法）"
"Games104\note_15.md"	"286"	"3"	"23. Voronoi（沃罗诺伊划分）"
"Games104\note_15.md"	"290"	"3"	"24. Polygon Flag（多边形标签）"
"Games104\note_15.md"	"294"	"3"	"25. Tile（分块 / 瓦片）"
"Games104\note_15.md"	"298"	"3"	"26. Component-based（组件化架构）"
"Games104\note_15.md"	"302"	"3"	"27. Blueprint（蓝图）/ Visual Graph"
"Games104\note_15.md"	"306"	"3"	"28. Publisher–Subscriber（发布-订阅模式）"
"Games104\note_15.md"	"310"	"3"	"29. Decoupling（解耦）"
"Games104\note_15.md"	"314"	"2"	"三、 工程经验与避坑指南"
"Games104\note_15.md"	"316"	"3"	"1. 社区互动 Q&A（开课前的三个经典问题）"
"Games104\note_15.md"	"338"	"3"	"2. 寻路表达方式的选型建议"
"Games104\note_15.md"	"345"	"3"	"3. Navigation Mesh 生成与维护的避坑指南"
"Games104\note_15.md"	"354"	"3"	"4. Funnel（路径平滑）算法的实现陷阱"
"Games104\note_15.md"	"359"	"3"	"5. 寻路算法的工程平衡观"
"Games104\note_15.md"	"364"	"2"	"四、 课程总结与衔接"
"Games104\note_16.md"	"1"	"1"	"游戏引擎基础 AI 核心技术：转向操控、群体模拟、环境感知与行为决策"
"Games104\note_16.md"	"7"	"2"	"一、 核心知识点与原理剖析"
"Games104\note_16.md"	"9"	"3"	"1. Steering 转向操控系统"
"Games104\note_16.md"	"39"	"3"	"2. 群体模拟（Crowd Simulation）"
"Games104\note_16.md"	"73"	"3"	"3. 速度障碍法家族：VO / RVO / ORVO"
"Games104\note_16.md"	"80"	"3"	"4. 感知系统（Perception / Sensing）"
"Games104\note_16.md"	"109"	"3"	"5. 决策算法：从有限状态机到行为树"
"Games104\note_16.md"	"187"	"2"	"二、 重点术语与概念解析"
"Games104\note_16.md"	"189"	"3"	"1. Steering（转向操控）"
"Games104\note_16.md"	"192"	"3"	"2. Seek / Flee（追逐与逃离）"
"Games104\note_16.md"	"195"	"3"	"3. Velocity Matching（速度匹配）"
"Games104\note_16.md"	"198"	"3"	"4. Alignment（朝向对齐）"
"Games104\note_16.md"	"201"	"3"	"5. Vector Field（向量场 / 方向场）"
"Games104\note_16.md"	"204"	"3"	"6. Crowd Simulation（群体模拟）"
"Games104\note_16.md"	"207"	"3"	"7. Distance Field / SDF（距离场）"
"Games104\note_16.md"	"210"	"3"	"8. VO / RVO / ORVO（速度障碍 / 互惠速度障碍 / 最优互惠速度障碍）"
"Games104\note_16.md"	"213"	"3"	"9. Perception / Sensing（感知）"
"Games104\note_16.md"	"216"	"3"	"10. Tactical Map（战术地图）"
"Games104\note_16.md"	"219"	"3"	"11. Smart Object（智能物体）"
"Games104\note_16.md"	"222"	"3"	"12. Influence Map（影响力图 / 热力图）"
"Games104\note_16.md"	"225"	"3"	"13. FSM（Finite State Machine，有限状态机）"
"Games104\note_16.md"	"228"	"3"	"14. HFSM（Hierarchical Finite State Machine，层次有限状态机）"
"Games104\note_16.md"	"231"	"3"	"15. Behavior Tree（行为树）"
"Games104\note_16.md"	"234"	"3"	"16. Sequencer（顺序执行节点）"
"Games104\note_16.md"	"237"	"3"	"17. Selector（选择节点）"
"Games104\note_16.md"	"240"	"3"	"18. Parallel（并行节点）"
"Games104\note_16.md"	"243"	"3"	"19. Decorator（装饰节点）"
"Games104\note_16.md"	"246"	"3"	"20. Blackboard（黑板）"
"Games104\note_16.md"	"249"	"3"	"21. Forward Planning（前向规划）"
"Games104\note_16.md"	"252"	"3"	"22. GOAP / HTN / MCTS（目标导向规划 / 层次任务网络 / 蒙特卡洛树搜索）"
"Games104\note_16.md"	"257"	"2"	"三、 工程经验与避坑指南"
"Games104\note_16.md"	"259"	"3"	"1. 载具 NPC 卡死的成因与规避"
"Games104\note_16.md"	"264"	"3"	"2. 引擎架构中容易被漏掉的 Steering 系统"
"Games104\note_16.md"	"269"	"3"	"3. 碰撞避免：力场法 vs RVO/ORVO 的工程取舍"
"Games104\note_16.md"	"274"	"3"	"4. 感知（Perception）的性能优化"
"Games104\note_16.md"	"280"	"3"	"5. 行为树 Tick 的两大关键点"
"Games104\note_16.md"	"285"	"3"	"6. 行为树的工程定位"
"Games104\note_16.md"	"289"	"3"	"7. 垂直悬崖 / 零界面的 Navigation Mesh 生成"
"Games104\note_16.md"	"295"	"3"	"8. Q&A 归纳"
"Games104\note_16.md"	"308"	"2"	"四、 作业与实战"
"Games104\note_16.md"	"309"	"3"	"1. 行为树课程作业（Selector 案例）"
"Games104\note_16.md"	"312"	"3"	"2. 经典 AI 入门作业回顾"
"Games104\note_16.md"	"318"	"3"	"3. 动手能力验证"
"Games104\note_17.md"	"1"	"1"	"高级 AI 技术：层次任务网络（HTN）、目标导向规划（GOAP）与蒙特卡洛树搜索（MCTS）"
"Games104\note_17.md"	"3"	"2"	"一、 核心知识点与原理剖析"
"Games104\note_17.md"	"5"	"3"	"1. 课程引入：从行为树到高级 AI"
"Games104\note_17.md"	"14"	"3"	"2. 层次任务网络（HTN）"
"Games104\note_17.md"	"99"	"3"	"3. 目标导向行为规划（GOAP）"
"Games104\note_17.md"	"167"	"3"	"4. 蒙特卡洛树搜索（MCTS）"
"Games104\note_17.md"	"273"	"2"	"二、 重点术语与概念解析"
"Games104\note_17.md"	"275"	"3"	"1. HTN（Hierarchical Task Network，层次任务网络）"
"Games104\note_17.md"	"279"	"3"	"2. World State（世界状态）"
"Games104\note_17.md"	"283"	"3"	"3. Sensor（感知器）"
"Games104\note_17.md"	"286"	"3"	"4. Primitive Task（原子任务）"
"Games104\note_17.md"	"290"	"3"	"5. Compound Task（复合任务）"
"Games104\note_17.md"	"293"	"3"	"6. Method（方法）"
"Games104\note_17.md"	"296"	"3"	"7. Precondition（前置条件） / Effect（效果）"
"Games104\note_17.md"	"299"	"3"	"8. Root Task（根任务）"
"Games104\note_17.md"	"303"	"3"	"9. Planner / Plan Runner"
"Games104\note_17.md"	"306"	"3"	"10. Replanning（重新规划）"
"Games104\note_17.md"	"310"	"3"	"11. GOAP（Goal-Oriented Action Planning，基于目标的行为规划）"
"Games104\note_17.md"	"314"	"3"	"12. Goal Set（目标集）"
"Games104\note_17.md"	"318"	"3"	"13. Action Set（动作集）"
"Games104\note_17.md"	"322"	"3"	"14. Unsatisfied State Stack（未满足状态堆栈）"
"Games104\note_17.md"	"325"	"3"	"15. A*（A Star 算法）"
"Games104\note_17.md"	"329"	"3"	"16. MCTS（Monte Carlo Tree Search，蒙特卡洛树搜索）"
"Games104\note_17.md"	"333"	"3"	"17. Simulation（模拟）/ Default Policy（默认策略）"
"Games104\note_17.md"	"336"	"3"	"18. Q / N 值"
"Games104\note_17.md"	"339"	"3"	"19. Back Propagation（反向传播）"
"Games104\note_17.md"	"342"	"3"	"20. Expandable Node（可扩张节点）"
"Games104\note_17.md"	"345"	"3"	"21. Exploitation（开发） / Exploration（探索）"
"Games104\note_17.md"	"348"	"3"	"22. UCB（Upper Confidence Bound，上置信界） / UCT"
"Games104\note_17.md"	"352"	"3"	"23. Max Child / Robust Child / Max-Robust Child / LCB"
"Games104\note_17.md"	"355"	"3"	"24. Decoupling（解耦）"
"Games104\note_17.md"	"359"	"3"	"25. Perception（感知）"
"Games104\note_17.md"	"362"	"3"	"26. FSM（Finite State Machine，有限状态机）"
"Games104\note_17.md"	"368"	"2"	"三、 工程经验与避坑指南"
"Games104\note_17.md"	"370"	"3"	"1. Q&A：课堂答疑"
"Games104\note_17.md"	"408"	"3"	"2. 工程实践与避坑经验"
"Games104\note_17.md"	"420"	"3"	"3. 其他课程信息"
"Games104\note_18.md"	"1"	"1"	"机器学习与强化学习驱动的游戏 AI：马尔可夫决策过程、深度强化学习实战与工程选型"
"Games104\note_18.md"	"3"	"2"	"一、 核心知识点与原理剖析"
"Games104\note_18.md"	"9"	"3"	"1. 机器学习的基本分类与核心思想"
"Games104\note_18.md"	"41"	"3"	"2. 强化学习的数学基础：马尔可夫决策过程（MDP）"
"Games104\note_18.md"	"100"	"3"	"3. 为什么游戏 AI 需要机器学习（ML）"
"Games104\note_18.md"	"112"	"3"	"4. 构建基于机器学习游戏 AI 的框架（五大步骤）"
"Games104\note_18.md"	"145"	"3"	"5. 围棋 vs 星际争霸：游戏 AI 的难度对比"
"Games104\note_18.md"	"155"	"3"	"6. AlphaStar 案例深度剖析（DeepMind vs 星际争霸）"
"Games104\note_18.md"	"263"	"3"	"7. OpenAI Five：DOTA2 的高频奖励设计"
"Games104\note_18.md"	"279"	"3"	"8. 监督学习 vs 强化学习：如何选型"
"Games104\note_18.md"	"296"	"3"	"9. 混合架构与费效比（帝国时代四 GDC Talk 的启示）"
"Games104\note_18.md"	"311"	"2"	"二、 重点术语与概念解析"
"Games104\note_18.md"	"313"	"3"	"1. 监督学习（Supervised Learning）"
"Games104\note_18.md"	"317"	"3"	"2. 无监督学习（Unsupervised Learning）"
"Games104\note_18.md"	"321"	"3"	"3. 半监督学习（Semi-Supervised Learning）与小样本学习（Few-shot Learning）"
"Games104\note_18.md"	"325"	"3"	"4. 强化学习（Reinforcement Learning）"
"Games104\note_18.md"	"329"	"3"	"5. 马尔可夫决策过程（MDP, Markov Decision Process）"
"Games104\note_18.md"	"333"	"3"	"6. Agent / Environment / State / Action / Reward"
"Games104\note_18.md"	"337"	"3"	"7. 状态转移概率（Probability of Transition）"
"Games104\note_18.md"	"341"	"3"	"8. Policy（策略）"
"Games104\note_18.md"	"345"	"3"	"9. 折扣因子 γ（Gamma）与 Total Reward"
"Games104\note_18.md"	"349"	"3"	"10. V 函数（V-Function）与 Q 函数（Q-Function）"
"Games104\note_18.md"	"353"	"3"	"11. Policy Gradient / Actor-Critic"
"Games104\note_18.md"	"357"	"3"	"12. MLP（Multi-Layer Perceptron，多层感知机）"
"Games104\note_18.md"	"361"	"3"	"13. CNN（Convolutional Neural Network，卷积神经网络）与 ResNet"
"Games104\note_18.md"	"365"	"3"	"14. Transformer"
"Games104\note_18.md"	"369"	"3"	"15. LSTM（Long Short-Term Memory，长短期记忆网络）"
"Games104\note_18.md"	"373"	"3"	"16. Encoder / Decoder（编码器 / 解码器）"
"Games104\note_18.md"	"377"	"3"	"17. Observation（观察）"
"Games104\note_18.md"	"381"	"3"	"18. Pseudo Reward（伪奖励）"
"Games104\note_18.md"	"385"	"3"	"19. KL 散度（KL Divergence，相对熵）"
"Games104\note_18.md"	"389"	"3"	"20. League / Main Exploiter / League Exploiter（联赛算法与三类 agent）"
"Games104\note_18.md"	"393"	"3"	"21. 战争迷雾（War Fog）"
"Games104\note_18.md"	"397"	"3"	"22. Influence Map（影响图 / 威胁图）"
"Games104\note_18.md"	"401"	"3"	"23. DRL（Deep Reinforcement Learning，深度强化学习）"
"Games104\note_18.md"	"405"	"3"	"24. RTS（Real-Time Strategy，即时战略游戏）"
"Games104\note_18.md"	"411"	"2"	"三、 工程经验与避坑指南"
"Games104\note_18.md"	"413"	"3"	"1. 课程内容取舍的经验（机器学习知识怎么讲）"
"Games104\note_18.md"	"417"	"3"	"2. 深度学习的本质认识（""炼丹""论）"
"Games104\note_18.md"	"420"	"3"	"3. 游戏 AI 设计的核心理念"
"Games104\note_18.md"	"424"	"3"	"4. Action 定义的工程要点"
"Games104\note_18.md"	"427"	"3"	"5. 公平性：AI 感知不能作弊"
"Games104\note_18.md"	"430"	"3"	"6. Reward 设计的避坑指南"
"Games104\note_18.md"	"436"	"3"	"7. 训练数据选择（模仿学习的取法乎上）"
"Games104\note_18.md"	"440"	"3"	"8. 训练策略：防止局部最优"
"Games104\note_18.md"	"444"	"3"	"9. 成本与费效比（重要提醒）"
"Games104\note_18.md"	"449"	"3"	"10. 算法无高下，用对场合"
"Games104\note_18.md"	"452"	"3"	"11. Q&A 问答环节"
"Games104\note_18.md"	"469"	"2"	"四、 参考文献与课程收尾"
"Games104\note_18.md"	"471"	"3"	"1. 参考文献（史无前例的七大页）"
"Games104\note_18.md"	"479"	"3"	"2. 课程收尾"
"Games104\note_19.md"	"1"	"1"	"网络游戏的架构基础：网络协议、时钟同步与 RPC 通信机制"
"Games104\note_19.md"	"5"	"2"	"一、 核心知识点与原理剖析"
"Games104\note_19.md"	"7"	"3"	"1. 网络游戏的定义与五大核心挑战"
"Games104\note_19.md"	"24"	"3"	"2. 网络协议基础：OSI 七层模型与 Socket"
"Games104\note_19.md"	"36"	"3"	"3. TCP：可靠的传输控制协议"
"Games104\note_19.md"	"52"	"3"	"4. UDP：轻量的用户数据报协议"
"Games104\note_19.md"	"66"	"3"	"5. 可靠 UDP 的构建：ARQ 与 FEC 前向纠错"
"Games104\note_19.md"	"98"	"3"	"6. 时钟同步：NTP 算法原理与工程实践"
"Games104\note_19.md"	"130"	"3"	"7. RPC：远程过程调用与 IDL 接口定义"
"Games104\note_19.md"	"160"	"2"	"二、 重点术语与概念解析"
"Games104\note_19.md"	"162"	"3"	"1. TCP（Transmission Control Protocol，传输控制协议）"
"Games104\note_19.md"	"166"	"3"	"2. UDP（User Datagram Protocol，用户数据报协议）"
"Games104\note_19.md"	"170"	"3"	"3. ACK / NACK"
"Games104\note_19.md"	"174"	"3"	"4. ARQ（Automatic Repeat reQuest，自动重传请求）"
"Games104\note_19.md"	"178"	"3"	"5. 滑动窗口协议（Sliding Window Protocol）"
"Games104\note_19.md"	"182"	"3"	"6. FEC（Forward Error Correction，前向纠错）"
"Games104\note_19.md"	"186"	"3"	"7. Reed-Solomon Codec（里德-所罗门编码）"
"Games104\note_19.md"	"190"	"3"	"8. RTT（Round Trip Time，往返时间）"
"Games104\note_19.md"	"194"	"3"	"9. NTP（Network Time Protocol，网络时间协议）"
"Games104\note_19.md"	"198"	"3"	"10. stratum（对时层级）"
"Games104\note_19.md"	"202"	"3"	"11. RPC（Remote Procedure Call，远程过程调用）"
"Games104\note_19.md"	"206"	"3"	"12. IDL（Interface Definition Language，接口定义语言）"
"Games104\note_19.md"	"210"	"3"	"13. RPC Stub（票据存根）"
"Games104\note_19.md"	"214"	"3"	"14. Stub Compiler（存根编译器）"
"Games104\note_19.md"	"218"	"3"	"15. OSI 七层模型"
"Games104\note_19.md"	"222"	"3"	"16. Socket"
"Games104\note_19.md"	"226"	"3"	"17. IPv4 / IPv6"
"Games104\note_19.md"	"230"	"3"	"18. big endian / small endian（大端/小端）"
"Games104\note_19.md"	"234"	"3"	"19. 热更新"
"Games104\note_19.md"	"238"	"3"	"20. DDOS 攻击（Distributed Denial of Service，分布式拒绝服务攻击）"
"Games104\note_19.md"	"242"	"3"	"21. DLSS（Deep Learning Super Sampling，深度学习超采样）"
"Games104\note_19.md"	"246"	"3"	"22. NeRF（Neural Radiance Fields，神经辐射场）"
"Games104\note_19.md"	"250"	"3"	"23. 反射（Reflection）"
"Games104\note_19.md"	"256"	"2"	"三、 工程经验与避坑指南"
"Games104\note_19.md"	"258"	"3"	"1. 协议选型要""实用主义""，不要教条"
"Games104\note_19.md"	"263"	"3"	"2. 可靠 UDP 的搭建要点"
"Games104\note_19.md"	"269"	"3"	"3. 时钟对不齐是大量 bug 的根源"
"Games104\note_19.md"	"274"	"3"	"4. RPC 系统设计经验"
"Games104\note_19.md"	"279"	"3"	"5. 服务器与安全"
"Games104\note_19.md"	"284"	"3"	"6. 通用引擎要考虑 IPv6"
"Games104\note_19.md"	"287"	"3"	"7. 其他工程感悟"
"Games104\note_19.md"	"294"	"2"	"四、 社区问答专题（课程开场 Q&A）"
"Games104\note_19.md"	"296"	"3"	"1. 深度学习（Deep Learning）与强化学习（Reinforcement Learning）的未来"
"Games104\note_19.md"	"302"	"3"	"2. 游戏版本更新时，AI 模块是否也要跟着更新？"
"Games104\note_19.md"	"309"	"3"	"3. DLSS 算法到底是怎么回事？"
"Games104\note_19.md"	"318"	"3"	"4. 课程运营相关（T恤与作业）"
"Games104\note_20.md"	"1"	"1"	"网络架构核心：同步、复制与网络物理"
"Games104\note_20.md"	"7"	"2"	"一、核心知识点与原理剖析"
"Games104\note_20.md"	"9"	"3"	"1. 网络游戏的整体架构分类"
"Games104\note_20.md"	"39"	"3"	"2. 游戏同步问题概述"
"Games104\note_20.md"	"50"	"3"	"3. 快照同步（Snapshot Synchronization）"
"Games104\note_20.md"	"73"	"3"	"4. 真同步（Lockstep Synchronization，锁步同步/帧同步）"
"Games104\note_20.md"	"165"	"3"	"5. 状态同步（State Synchronization）"
"Games104\note_20.md"	"194"	"3"	"6. Dumb Client Problem（愚蠢的客户端问题）与解决方案"
"Games104\note_20.md"	"220"	"3"	"7. 两大同步体系的选型对比"
"Games104\note_20.md"	"235"	"2"	"二、重点术语与概念解析"
"Games104\note_20.md"	"237"	"3"	"1. P2P（Peer to Peer）"
"Games104\note_20.md"	"241"	"3"	"2. Host Server（主机服务器）"
"Games104\note_20.md"	"245"	"3"	"3. Dedicated Server（专用服务器）"
"Games104\note_20.md"	"249"	"3"	"4. POP（Points of Presence，接入节点）"
"Games104\note_20.md"	"253"	"3"	"5. Snapshot Synchronization（快照同步）"
"Games104\note_20.md"	"257"	"3"	"6. Pawn（提线木偶）"
"Games104\note_20.md"	"261"	"3"	"7. Delta / Diff（差分）"
"Games104\note_20.md"	"265"	"3"	"8. Lockstep Synchronization（真同步/帧同步）"
"Games104\note_20.md"	"269"	"3"	"9. Bucket Synchronization（桶同步）"
"Games104\note_20.md"	"273"	"3"	"10. Deterministic（确定性）"
"Games104\note_20.md"	"277"	"3"	"11. IEEE 754"
"Games104\note_20.md"	"281"	"3"	"12. Fixed Point Engine（定点数引擎）"
"Games104\note_20.md"	"285"	"3"	"13. Random Number Seed（随机数种子）"
"Games104\note_20.md"	"289"	"3"	"14. CheckSum / MD5（校验和）"
"Games104\note_20.md"	"293"	"3"	"15. Key Frame（关键帧）"
"Games104\note_20.md"	"297"	"3"	"16. Quick Catch Up（快速追赶）"
"Games104\note_20.md"	"301"	"3"	"17. State Synchronization（状态同步）"
"Games104\note_20.md"	"305"	"3"	"18. Authoritative Server（权威服务器）"
"Games104\note_20.md"	"309"	"3"	"19. Author / Authoritative 端"
"Games104\note_20.md"	"313"	"3"	"20. Replicate（复制品）"
"Games104\note_20.md"	"317"	"3"	"21. RPC（Remote Procedure Call，远程过程调用）"
"Games104\note_20.md"	"321"	"3"	"22. Dumb Client Problem（愚蠢的客户端问题）"
"Games104\note_20.md"	"325"	"3"	"23. Client Prediction（客户端预测）"
"Games104\note_20.md"	"329"	"3"	"24. Server Reconciliation（服务器和解/校正）"
"Games104\note_20.md"	"333"	"3"	"25. RTT（Round-Trip Time，往返时延）"
"Games104\note_20.md"	"337"	"3"	"26. Ring Buffer（环形缓冲）"
"Games104\note_20.md"	"341"	"3"	"27. AOI（Area of Interest，兴趣区域）"
"Games104\note_20.md"	"345"	"3"	"28. Spectate（观战模式）/ Replay（回放）"
"Games104\note_20.md"	"351"	"2"	"三、工程经验与避坑指南"
"Games104\note_20.md"	"353"	"3"	"1. 架构选型决策"
"Games104\note_20.md"	"359"	"3"	"2. 带宽优化实战"
"Games104\note_20.md"	"364"	"3"	"3. 真同步的工程要点"
"Games104\note_20.md"	"372"	"3"	"4. 断线重连/观战/回放共用一套机制"
"Games104\note_20.md"	"376"	"3"	"5. 状态同步的工程要点"
"Games104\note_20.md"	"383"	"3"	"6. 网络拓扑部署"
"Games104\note_20.md"	"386"	"3"	"7. 商业引擎现状认知"
"Games104\note_20.md"	"391"	"2"	"四、Q&A 环节（师生互动实录）"
"Games104\note_20.md"	"393"	"3"	"Q1：单纯的真同步不能做战争迷雾吗？"
"Games104\note_20.md"	"398"	"3"	"Q2：暴击不能在服务器算好就发给客户端吗？"
"Games104\note_20.md"	"404"	"3"	"Q3：云游戏和快照同步有哪些区别？"
"Games104\note_20.md"	"414"	"2"	"五、课程收尾与下节预告"
"Games104\note_21.md"	"1"	"1"	"网络游戏的进阶架构：角色位移同步（Character Movement Replication）与命中判定（Hit Registration）"
"Games104\note_21.md"	"5"	"2"	"一、核心知识点与原理剖析"
"Games104\note_21.md"	"9"	"3"	"1. 角色位移同步 Character Movement Replication"
"Games104\note_21.md"	"91"	"3"	"2. 命中判定 Hit Registration"
"Games104\note_21.md"	"165"	"2"	"二、重点术语与概念解析"
"Games104\note_21.md"	"167"	"3"	"1. Replication（复制/状态复制）"
"Games104\note_21.md"	"171"	"3"	"2. Authoritative Client（权威客户端）/ Authoritative 端"
"Games104\note_21.md"	"175"	"3"	"3. Latency（延迟）/ RTT（往返时间）"
"Games104\note_21.md"	"179"	"3"	"4. Tick（服务器更新节奏）"
"Games104\note_21.md"	"183"	"3"	"5. Interpolation（内插值）"
"Games104\note_21.md"	"187"	"3"	"6. Extrapolation（外插值）"
"Games104\note_21.md"	"191"	"3"	"7. Catmull-Rom 曲线"
"Games104\note_21.md"	"195"	"3"	"8. Dead Reckoning（航位推算）"
"Games104\note_21.md"	"199"	"3"	"9. PVB（Projective Velocity Blending，投影速度混合）"
"Games104\note_21.md"	"204"	"3"	"10. Hit Detection（射击检测）与 Hit Registration（击中注册）"
"Games104\note_21.md"	"208"	"3"	"11. Hit Scan / Projectile / 抛物线弹道"
"Games104\note_21.md"	"212"	"3"	"12. Verification（服务器验证）"
"Games104\note_21.md"	"216"	"3"	"13. Lag Compensation（延迟补偿）"
"Games104\note_21.md"	"221"	"3"	"14. Cover Problem（掩体问题）"
"Games104\note_21.md"	"225"	"3"	"15. Luck Switch（拔线器作弊）"
"Games104\note_21.md"	"229"	"3"	"16. 前摇（Windup）"
"Games104\note_21.md"	"233"	"3"	"17. DOP（Data Oriented Programming，面向数据编程）/ Job System"
"Games104\note_21.md"	"237"	"3"	"18. Nanite / Lumen"
"Games104\note_21.md"	"241"	"3"	"19. Motion Matching / PCG（Procedural Content Generation）"
"Games104\note_21.md"	"247"	"2"	"三、工程经验与避坑指南"
"Games104\note_21.md"	"249"	"3"	"1. 插值算法的选型经验"
"Games104\note_21.md"	"254"	"3"	"2. 外插值的坑：碰撞""弹飞"" bug 的排查思路"
"Games104\note_21.md"	"260"	"3"	"3. 内插必须配 buffer + offset"
"Games104\note_21.md"	"263"	"3"	"4. 命中判定的工程取舍"
"Games104\note_21.md"	"268"	"3"	"5. 防作弊意识（法律红线）"
"Games104\note_21.md"	"272"	"3"	"6. 提升打击感的工程技巧"
"Games104\note_21.md"	"276"	"3"	"7. 网络对战的公平性问题"
"Games104\note_21.md"	"280"	"3"	"8. Dead Reckoning 的调试方法"
"Games104\note_21.md"	"283"	"3"	"9. 网络同步与云游戏的行业判断（Q&A）"
"Games104\note_21.md"	"288"	"3"	"10. 开放引擎（PICO）的开发建议"
"Games104\note_21.md"	"295"	"2"	"四、课程预告与学习路线"
"Games104\note_22.md"	"1"	"1"	"网络游戏进阶架构：MMO 系统分层、分布式同步与反作弊"
"Games104\note_22.md"	"5"	"2"	"一、 核心知识点与原理剖析"
"Games104\note_22.md"	"7"	"3"	"1. MMOG 概述：从 MUD 到虚拟世界"
"Games104\note_22.md"	"19"	"3"	"2. 网游整体架构：经典三层架构"
"Games104\note_22.md"	"27"	"3"	"3. 连接层：Login Server 与 Gateway"
"Games104\note_22.md"	"42"	"3"	"4. 大厅（Lobby）"
"Games104\note_22.md"	"48"	"3"	"5. 服务层核心子系统"
"Games104\note_22.md"	"72"	"3"	"6. 数据存储层：四类存储服务"
"Games104\note_22.md"	"97"	"3"	"7. 分布式系统架构"
"Games104\note_22.md"	"109"	"3"	"8. 负载均衡与一致性哈希（Consistent Hashing）"
"Games104\note_22.md"	"127"	"3"	"9. 服务管理与服务发现（Service Discovery）"
"Games104\note_22.md"	"143"	"3"	"10. 带宽优化"
"Games104\note_22.md"	"172"	"3"	"11. 反作弊（Anti-Cheat）"
"Games104\note_22.md"	"209"	"3"	"12. 无缝开放大世界的构建"
"Games104\note_22.md"	"237"	"3"	"13. 参考资料（Reference）"
"Games104\note_22.md"	"249"	"2"	"二、 重点术语与概念解析"
"Games104\note_22.md"	"251"	"3"	"1. MMOG"
"Games104\note_22.md"	"255"	"3"	"2. MUD"
"Games104\note_22.md"	"259"	"3"	"3. Login Server（登录服务器）"
"Games104\note_22.md"	"263"	"3"	"4. Gateway（网关）"
"Games104\note_22.md"	"267"	"3"	"5. Lobby（大厅）"
"Games104\note_22.md"	"271"	"3"	"6. Character Server（角色服务器）"
"Games104\note_22.md"	"275"	"3"	"7. Match Making（匹配系统）"
"Games104\note_22.md"	"279"	"3"	"8. 原子性 / 回滚（Atomicity / Rollback）"
"Games104\note_22.md"	"283"	"3"	"9. 幂等性（Idempotency）"
"Games104\note_22.md"	"287"	"3"	"10. 分布式系统（Distributed System）"
"Games104\note_22.md"	"291"	"3"	"11. 一致性哈希（Consistent Hashing）"
"Games104\note_22.md"	"295"	"3"	"12. 虚拟节点（Virtual Server Node）"
"Games104\note_22.md"	"299"	"3"	"13. 服务发现（Service Discovery）"
"Games104\note_22.md"	"303"	"3"	"14. ZooKeeper / etcd"
"Games104\note_22.md"	"307"	"3"	"15. 量化（Quantization）"
"Games104\note_22.md"	"311"	"3"	"16. AOI（Area of Interest，兴趣区域）"
"Games104\note_22.md"	"315"	"3"	"17. 十字链表（Cross Linked List）"
"Games104\note_22.md"	"319"	"3"	"18. PVS（Potentially Visible Set，潜在可见集）"
"Games104\note_22.md"	"323"	"3"	"19. Ghost（幽灵实体）"
"Games104\note_22.md"	"327"	"3"	"20. Instancing / Zone / Replication"
"Games104\note_22.md"	"331"	"3"	"21. 对称加密 / 非对称加密"
"Games104\note_22.md"	"335"	"3"	"22. 透明挂"
"Games104\note_22.md"	"339"	"3"	"23. 内存混淆（Memory Obfuscation）"
"Games104\note_22.md"	"343"	"3"	"24. VAC / EasyAntiCheat（EAC）"
"Games104\note_22.md"	"347"	"3"	"25. DDoS（分布式拒绝服务攻击）"
"Games104\note_22.md"	"351"	"3"	"26. Hit Registration（命中判定）"
"Games104\note_22.md"	"357"	"2"	"三、 工程经验与避坑指南"
"Games104\note_22.md"	"359"	"3"	"1. 架构方法论"
"Games104\note_22.md"	"363"	"3"	"2. 分布式系统的血泪经验"
"Games104\note_22.md"	"370"	"3"	"3. 服务管理与弹性"
"Games104\note_22.md"	"373"	"3"	"4. 带宽优化经验"
"Games104\note_22.md"	"380"	"3"	"5. 反作弊避坑与运营"
"Games104\note_22.md"	"388"	"3"	"6. 无缝大世界避坑"
"Games104\note_22.md"	"395"	"2"	"四、 课堂答疑（Q&A）"
"Games104\note_22.md"	"397"	"3"	"1. Q：玩家在服务器端做微调（命中判定），服务器能不能判定出来？"
"Games104\note_22.md"	"403"	"3"	"2. Q：分布式系统在游戏行业应用广泛吗？"
"Games104\note_22.md"	"406"	"3"	"3. Q：无缝大世界 MMO 实现的难点有哪些？"
"Games104\note_23.md"	"1"	"1"	"现代游戏引擎架构：面向数据编程（DOP）与任务系统"
"Games104\note_23.md"	"5"	"2"	"一、 核心知识点与原理剖析"
"Games104\note_23.md"	"7"	"3"	"1. 为什么要做：性能极限压榨与多核趋势"
"Games104\note_23.md"	"21"	"3"	"2. 进程、线程与多任务模型"
"Games104\note_23.md"	"49"	"3"	"3. 线程切换的代价（为什么线程切换""很贵""）"
"Games104\note_23.md"	"56"	"3"	"4. 并行化编程的两类问题"
"Games104\note_23.md"	"65"	"3"	"5. 数据竞争（Data Racing）与阻断式同步"
"Games104\note_23.md"	"88"	"3"	"6. Lock-Free 编程与原子操作"
"Games104\note_23.md"	"100"	"3"	"7. Wait-Free 编程"
"Games104\note_23.md"	"107"	"3"	"8. 编译器乱序（Out-of-Order Execution）与内存一致性"
"Games104\note_23.md"	"142"	"3"	"9. 游戏引擎并行架构的演进"
"Games104\note_23.md"	"178"	"3"	"10. 协程（Coroutine）"
"Games104\note_23.md"	"219"	"3"	"11. Fiber Based Job System（基于协程的任务系统）"
"Games104\note_23.md"	"288"	"3"	"12. ABA 问题（ABA Case）"
"Games104\note_23.md"	"300"	"2"	"二、 重点术语与概念解析"
"Games104\note_23.md"	"302"	"3"	"1. DOP（Data Oriented Programming，面向数据编程）"
"Games104\note_23.md"	"307"	"3"	"2. Job System（任务系统）"
"Games104\note_23.md"	"312"	"3"	"3. Preemptive Multitasking（抢占式多任务）"
"Games104\note_23.md"	"317"	"3"	"4. Non-Preemptive Multitasking（非抢占式/协作式多任务）"
"Games104\note_23.md"	"322"	"3"	"5. Thread 切换 / Context Switch（线程切换 / 上下文切换）"
"Games104\note_23.md"	"327"	"3"	"6. Data Racing（数据竞争）"
"Games104\note_23.md"	"332"	"3"	"7. Critical Section（临界区）"
"Games104\note_23.md"	"337"	"3"	"8. 原子操作（Atomic Operation）/ Lock-Free"
"Games104\note_23.md"	"342"	"3"	"9. Wait-Free"
"Games104\note_23.md"	"347"	"3"	"10. 编译器乱序（Out-of-Order）/ Release 与 Debug 差异"
"Games104\note_23.md"	"352"	"3"	"11. Locality（数据局部性）"
"Games104\note_23.md"	"357"	"3"	"12. Fork-Join"
"Games104\note_23.md"	"362"	"3"	"13. Task Graph（任务图）/ TBB"
"Games104\note_23.md"	"367"	"3"	"14. Coroutine（协程）"
"Games104\note_23.md"	"372"	"3"	"15. Yield / Resume / Invoke"
"Games104\note_23.md"	"377"	"3"	"16. Fiber（光纤/纤程）"
"Games104\note_23.md"	"382"	"3"	"17. Job Scheduler（任务调度器）"
"Games104\note_23.md"	"387"	"3"	"18. FIFO 与 LIFO"
"Games104\note_23.md"	"392"	"3"	"19. Work Stealing（任务窃取）"
"Games104\note_23.md"	"397"	"3"	"20. ABA Problem（ABA 问题）"
"Games104\note_23.md"	"402"	"3"	"21. Mutex / Semaphore（互斥锁 / 信号量）"
"Games104\note_23.md"	"407"	"3"	"22. Hyper Thread（超线程）"
"Games104\note_23.md"	"412"	"3"	"23. Heap（堆）"
"Games104\note_23.md"	"417"	"3"	"24. Stack Overflow（堆栈空间爆炸）"
"Games104\note_23.md"	"422"	"3"	"25. VAC（Valve Anti-Cheat）"
"Games104\note_23.md"	"427"	"3"	"26. Microservice（微服务）"
"Games104\note_23.md"	"432"	"3"	"27. TBB（Intel Threading Building Blocks）"
"Games104\note_23.md"	"436"	"3"	"28. Profiling / Profiler（性能剖析）"
"Games104\note_23.md"	"443"	"2"	"三、 工程经验与避坑指南"
"Games104\note_23.md"	"445"	"3"	"1. 并行开发的总体心法"
"Games104\note_23.md"	"452"	"3"	"2. 并行架构选型建议"
"Games104\note_23.md"	"459"	"3"	"3. Job System 实现要点与坑"
"Games104\note_23.md"	"467"	"3"	"4. 排查 bug 的心态与优先级"
"Games104\note_23.md"	"473"	"3"	"5. 学习方法建议"
"Games104\note_23.md"	"479"	"3"	"6. C++/协程专项避坑"
"Games104\note_23.md"	"485"	"3"	"7. 移动端与跨平台经验"
"Games104\note_23.md"	"491"	"2"	"四、 Q&A 答疑：上节课问题解答"
"Games104\note_23.md"	"493"	"3"	"1. 游戏反作弊能不能彻底解决？"
"Games104\note_23.md"	"503"	"3"	"2. 微服务与分布式服务器架构有什么区别？"
"Games104\note_23.md"	"511"	"3"	"3. 如何构建一个全球联网对战的战斗系统？"
"Games104\note_23.md"	"526"	"2"	"五、 课程安排与通知"
"Games104\note_23.md"	"528"	"3"	"1. 结课与证书制度"
"Games104\note_23.md"	"538"	"3"	"2. 作业与奖励"
"Games104\note_23.md"	"543"	"3"	"3. 皮克罗引擎（Pico 引擎）更新预告"
"Games104\note_24.md"	"1"	"1"	"现代游戏引擎架构：面向数据编程（DOP）与任务系统"
"Games104\note_24.md"	"3"	"2"	"一、 核心知识点与原理剖析"
"Games104\note_24.md"	"5"	"3"	"1. 编程范式总览：从面向过程到面向对象"
"Games104\note_24.md"	"24"	"3"	"2. 面向对象编程（OOP）的固有缺陷"
"Games104\note_24.md"	"65"	"3"	"3. 面向数据编程（DOP）的动机：CPU 与内存的性能鸿沟"
"Games104\note_24.md"	"103"	"3"	"4. 面向数据编程（DOP）的核心思想"
"Games104\note_24.md"	"130"	"3"	"5. DOP 实践要点"
"Games104\note_24.md"	"162"	"3"	"6. ECS（Entity Component System，实体组件系统）架构"
"Games104\note_24.md"	"189"	"3"	"7. Unity DOTS 系统剖析"
"Games104\note_24.md"	"235"	"3"	"8. UE5 Mass 系统剖析"
"Games104\note_24.md"	"264"	"3"	"9. 架构取舍：OOP 与 DOP 的辩证关系"
"Games104\note_24.md"	"271"	"3"	"10. 总结：高性能编程的本质"
"Games104\note_24.md"	"279"	"2"	"二、 重点术语与概念解析"
"Games104\note_24.md"	"281"	"3"	"1. DOP（Data Oriented Programming，面向数据编程）"
"Games104\note_24.md"	"285"	"3"	"2. OOP（Object-Oriented Programming，面向对象编程）"
"Games104\note_24.md"	"289"	"3"	"3. Design Pattern（设计模式）"
"Games104\note_24.md"	"293"	"3"	"4. Cache（高速缓存）"
"Games104\note_24.md"	"297"	"3"	"5. Cache Line（缓存行）"
"Games104\note_24.md"	"301"	"3"	"6. Cache Miss（缓存未命中）"
"Games104\note_24.md"	"305"	"3"	"7. LRU（Least Recently Used，最近最少使用）"
"Games104\note_24.md"	"309"	"3"	"8. Locality（局部性）"
"Games104\note_24.md"	"313"	"3"	"9. False Sharing（伪共享）"
"Games104\note_24.md"	"317"	"3"	"10. Branch Prediction（分支预测）"
"Games104\note_24.md"	"321"	"3"	"11. SIMD（Single Instruction Multiple Data，单指令多数据）"
"Games104\note_24.md"	"325"	"3"	"12. AoS（Array of Structures，结构体数组）"
"Games104\note_24.md"	"329"	"3"	"13. SoA（Structure of Arrays，数组结构体）"
"Games104\note_24.md"	"333"	"3"	"14. ECS（Entity Component System，实体组件系统）"
"Games104\note_24.md"	"337"	"3"	"15. Entity（实体）"
"Games104\note_24.md"	"341"	"3"	"16. Component（组件）"
"Games104\note_24.md"	"345"	"3"	"17. System（系统）"
"Games104\note_24.md"	"349"	"3"	"18. Archetype（原型 / 泛型）"
"Games104\note_24.md"	"353"	"3"	"19. Chunk（块）"
"Games104\note_24.md"	"357"	"3"	"20. DOTS（Data Oriented Tech Stack，面向数据技术栈）"
"Games104\note_24.md"	"361"	"3"	"21. Burst Compiler（Burst 编译器）"
"Games104\note_24.md"	"365"	"3"	"22. Native Container（原生容器）"
"Games104\note_24.md"	"369"	"3"	"23. Mass 系统（UE5）"
"Games104\note_24.md"	"373"	"3"	"24. Fragment（碎片）"
"Games104\note_24.md"	"377"	"3"	"25. Processor（处理器）"
"Games104\note_24.md"	"381"	"3"	"26. Job System（任务系统）"
"Games104\note_24.md"	"385"	"3"	"27. Fiber（纤程）"
"Games104\note_24.md"	"389"	"3"	"28. Unit Test（单元测试）"
"Games104\note_24.md"	"393"	"3"	"29. Compute Shader（计算着色器）"
"Games104\note_24.md"	"397"	"3"	"30. False Sharing / Order Dependency / Cache Coherence"
"Games104\note_24.md"	"404"	"2"	"三、 工程经验与避坑指南"
"Games104\note_24.md"	"406"	"3"	"1. 架构取舍：不要有""技术执念"""
"Games104\note_24.md"	"413"	"3"	"2. ECS 使用的边界与成本"
"Games104\note_24.md"	"419"	"3"	"3. Job System 与 ECS 的关系澄清"
"Games104\note_24.md"	"426"	"3"	"4. 并行编程的团队协作模式"
"Games104\note_24.md"	"432"	"3"	"5. 高性能开发通用经验"
"Games104\note_24.md"	"440"	"3"	"6. 参考资源与学习路径"
"Games104\note_24.md"	"448"	"3"	"7. 课堂问答（Q&A）"
"Games104\note_24.md"	"472"	"2"	"四、 后续学习指引"
"Games104\note_25.md"	"1"	"1"	"动态全局光照与 Lumen 技术：从蒙特卡洛积分到 SDF 距离场追踪"
"Games104\note_25.md"	"3"	"2"	"一、 核心知识点与原理剖析"
"Games104\note_25.md"	"5"	"3"	"1. 全局光照（GI）的本质与渲染方程"
"Games104\note_25.md"	"32"	"3"	"2. 蒙特卡洛积分与采样问题"
"Games104\note_25.md"	"62"	"3"	"3. 实时 GI 的开山鼻祖：RSM（Reflective Shadow Map，反射阴影图）"
"Games104\note_25.md"	"95"	"3"	"4. LPV（Light Propagation Volumes，光传播体）"
"Games104\note_25.md"	"104"	"3"	"5. SVOGI（Sparse Voxel Octree GI，稀疏体素八叉树全局光照）"
"Games104\note_25.md"	"114"	"3"	"6. VXGI（Voxel Global Illumination，体素全局光照）"
"Games104\note_25.md"	"147"	"3"	"7. SSGI（Screen Space Global Illumination，屏幕空间全局光照）"
"Games104\note_25.md"	"181"	"3"	"8. Lumen 技术框架"
"Games104\note_25.md"	"207"	"3"	"9. SDF（Signed Distance Field，有向距离场）：Lumen 的数学基石"
"Games104\note_25.md"	"259"	"2"	"二、 重点术语与概念解析"
"Games104\note_25.md"	"261"	"3"	"1. Render Equation（渲染方程）"
"Games104\note_25.md"	"265"	"3"	"2. Monte Carlo Integration（蒙特卡洛积分）"
"Games104\note_25.md"	"269"	"3"	"3. PDF（Probability Distribution Function，概率分布函数）"
"Games104\note_25.md"	"273"	"3"	"4. Importance Sampling（重要性采样）"
"Games104\note_25.md"	"277"	"3"	"5. SPP（Samples Per Pixel，每像素采样数）"
"Games104\note_25.md"	"281"	"3"	"6. BRDF（Bidirectional Reflectance Distribution Function，双向反射分布函数）"
"Games104\note_25.md"	"285"	"3"	"7. GGX"
"Games104\note_25.md"	"289"	"3"	"8. RSM（Reflective Shadow Map，反射阴影图）"
"Games104\note_25.md"	"293"	"3"	"9. Photon Mapping（光子映射）"
"Games104\note_25.md"	"297"	"3"	"10. Cone Tracing（空锥追踪）"
"Games104\note_25.md"	"301"	"3"	"11. LPV（Light Propagation Volumes，光传播体）"
"Games104\note_25.md"	"305"	"3"	"12. SH（Spherical Harmonics，球谐函数）"
"Games104\note_25.md"	"309"	"3"	"13. Conservative Rasterization（保守光栅化）"
"Games104\note_25.md"	"313"	"3"	"14. Sparse Voxel Octree（稀疏体素八叉树）"
"Games104\note_25.md"	"317"	"3"	"15. SVOGI（Sparse Voxel Octree GI）"
"Games104\note_25.md"	"321"	"3"	"16. VXGI（Voxel Global Illumination）"
"Games104\note_25.md"	"325"	"3"	"17. Clip Map"
"Games104\note_25.md"	"329"	"3"	"18. Directional Coverage（方向性覆盖率）"
"Games104\note_25.md"	"333"	"3"	"19. Opacity（不透明度）"
"Games104\note_25.md"	"337"	"3"	"20. Light Leaking（光漏）"
"Games104\note_25.md"	"341"	"3"	"21. SSGI（Screen Space Global Illumination，屏幕空间全局光照）"
"Games104\note_25.md"	"345"	"3"	"22. Hi-Z Buffer（HZB，层次 Z 缓冲）"
"Games104\note_25.md"	"349"	"3"	"23. Raymarching（光线步进）"
"Games104\note_25.md"	"353"	"3"	"24. Contact Shadow（接触阴影）"
"Games104\note_25.md"	"357"	"3"	"25. SDF（Signed Distance Field，有向距离场）"
"Games104\note_25.md"	"361"	"3"	"26. Global SDF / Per-Mesh SDF"
"Games104\note_25.md"	"365"	"3"	"27. Probe（光照探针）"
"Games104\note_25.md"	"369"	"3"	"28. Uncanny Valley（恐怖谷）"
"Games104\note_25.md"	"373"	"2"	"三、 工程经验与避坑指南"
"Games104\note_25.md"	"375"	"3"	"1. 采样是实时 GI 的核心战场"
"Games104\note_25.md"	"379"	"3"	"2. 低频间接光照用低分辨率采样 + 插值 + error check"
"Games104\note_25.md"	"384"	"3"	"3. 善于复用采样（reuse）"
"Games104\note_25.md"	"389"	"3"	"4. RSM 公式""平方还是四次方""的坑"
"Games104\note_25.md"	"393"	"3"	"5. LPV 能量不守恒的怀疑"
"Games104\note_25.md"	"397"	"3"	"6. 复杂数据结构的工程代价"
"Games104\note_25.md"	"401"	"3"	"7. Light Leaking 是实时 GI 的一生之敌"
"Games104\note_25.md"	"405"	"3"	"8. SSGI 的互补价值"
"Games104\note_25.md"	"409"	"3"	"9. Clip Map 循环 UV：避免内存搬运"
"Games104\note_25.md"	"413"	"3"	"10. 硬件光追的性能现实"
"Games104\note_25.md"	"417"	"3"	"11. 敬畏能实装的算法"
"Games104\note_25.md"	"421"	"3"	"12. 数学表达形式很重要"
"Games104\note_25.md"	"425"	"3"	"13. SDF 工程三坑"
"Games104\note_25.md"	"430"	"3"	"14. 备课方法论：paper reading / survey 式学习"
"Games104\note_25.md"	"435"	"3"	"15. 课程结构说明与预告"
"Games104\note_25.md"	"440"	"2"	"四、 课程动态与开源社区"
"Games104\note_25.md"	"442"	"3"	"1. PICO 开源引擎与课程组消息"
"Games104\note_25.md"	"449"	"3"	"2. 结课与后续"
"Games104\note_26.md"	"1"	"1"	"Lumen 动态全局光照的实现原理与工程细节（下）：光照缓存、屏幕空间探针与自适应采样"
"Games104\note_26.md"	"5"	"2"	"一、核心知识点与原理剖析"
"Games104\note_26.md"	"9"	"3"	"1. 总体思路：把""每个被照亮的表面""变成光源"
"Games104\note_26.md"	"15"	"3"	"2. Mesh Card：六面快照与 Ray LOD"
"Games104\note_26.md"	"25"	"3"	"3. Surface Cache：光照信息的统一表达"
"Games104\note_26.md"	"34"	"3"	"4. Surface Cache Final Lighting 的三步法（核心中的核心）"
"Games104\note_26.md"	"52"	"3"	"5. 世界空间体素化光照（Voxelized World Expression / Voxel Lighting）"
"Games104\note_26.md"	"70"	"3"	"6. 自发光（Emissive）物体的光照——被 surface cache 顺带解决"
"Games104\note_26.md"	"76"	"3"	"7. Surface Cache / Voxel 更新的预算与调度"
"Games104\note_26.md"	"83"	"3"	"8. Screen Space Probe：屏幕空间探针的分布"
"Games104\note_26.md"	"90"	"3"	"9. Octahedral Mapping：探针存储与球面采样"
"Games104\note_26.md"	"99"	"3"	"10. 自适应细化（Adaptive Refinement）——Lumen 的招牌想法"
"Games104\note_26.md"	"109"	"3"	"11. 探针采样与重要性采样（Importance Sampling）：""找窗户"""
"Games104\note_26.md"	"123"	"3"	"12. 探针间过滤（Filtering）：相邻探针光的插值非常讲究"
"Games104\note_26.md"	"130"	"3"	"13. World Space Radiance Cache：世界空间探针与 Connected Ray"
"Games104\note_26.md"	"146"	"3"	"14. 最终 Shading：SH 低通滤波"
"Games104\note_26.md"	"152"	"3"	"15. Lumen 的 Tracing 策略全景（官方经典图）"
"Games104\note_26.md"	"168"	"3"	"16. 性能表现与参数选择"
"Games104\note_26.md"	"176"	"2"	"二、重点术语与概念解析"
"Games104\note_26.md"	"178"	"3"	"1. Mesh Card（网格卡片）"
"Games104\note_26.md"	"182"	"3"	"2. Surface Cache（表面缓存）"
"Games104\note_26.md"	"186"	"3"	"3. Surface Cache Final Lighting"
"Games104\note_26.md"	"190"	"3"	"4. Voxelized World Expression / Voxel Lighting（世界体素化表达 / 体素光照）"
"Games104\note_26.md"	"194"	"3"	"5. World Space Probe / World Space Radiance Cache（世界空间探针 / 世界空间辐射缓存）"
"Games104\note_26.md"	"198"	"3"	"6. Screen Space Probe（屏幕空间探针）"
"Games104\note_26.md"	"202"	"3"	"7. Octahedral Mapping（八面体映射）"
"Games104\note_26.md"	"206"	"3"	"8. Adaptive Sampling / Adaptive Refinement（自适应采样/细化）"
"Games104\note_26.md"	"210"	"3"	"9. Importance Sampling（重要性采样）"
"Games104\note_26.md"	"214"	"3"	"10. SH / Spherical Harmonics（球谐函数）"
"Games104\note_26.md"	"218"	"3"	"11. Clip Map（裁剪图）"
"Games104\note_26.md"	"222"	"3"	"12. SDF（Signed Distance Field，有符号距离场）"
"Games104\note_26.md"	"226"	"3"	"13. Ray LOD"
"Games104\note_26.md"	"230"	"3"	"14. Facet"
"Games104\note_26.md"	"234"	"3"	"15. Jittering（抖动）"
"Games104\note_26.md"	"238"	"3"	"16. Hit Distance（命中距离）"
"Games104\note_26.md"	"242"	"3"	"17. Connected Ray（接光/接骨）"
"Games104\note_26.md"	"246"	"3"	"18. Density Test / Depth Weight（密度检测 / 深度加权）"
"Games104\note_26.md"	"250"	"3"	"19. Normal Distribution Function（法向分布函数）"
"Games104\note_26.md"	"254"	"3"	"20. RSM / SSGI / VXGI / DDGI / SDFDDGI（对比算法）"
"Games104\note_26.md"	"258"	"3"	"21. HiZ（Hierarchical Z-Buffer，层级 Z 缓冲）"
"Games104\note_26.md"	"262"	"3"	"22. Light Leaking（漏光）"
"Games104\note_26.md"	"266"	"3"	"23. Multi-Bounce（多次反弹）"
"Games104\note_26.md"	"272"	"2"	"三、工程经验与避坑指南"
"Games104\note_26.md"	"274"	"3"	"1. 讲解顺序的教训：先讲""光怎么打进去"""
"Games104\note_26.md"	"277"	"3"	"2. 读源码反算参数（团队实战）"
"Games104\note_26.md"	"281"	"3"	"3. 必须支持多光源"
"Games104\note_26.md"	"284"	"3"	"4. 16×16 这类""魔数""是调出来的"
"Games104\note_26.md"	"287"	"3"	"5. 更新预算与调度是工程关键"
"Games104\note_26.md"	"290"	"3"	"6. 静态截图陷阱"
"Games104\note_26.md"	"293"	"3"	"7. 不要把 Connected Ray 长度写死"
"Games104\note_26.md"	"296"	"3"	"8. 特殊几何要单独处理"
"Games104\note_26.md"	"300"	"3"	"9. 概念区分是最大的难点"
"Games104\note_26.md"	"303"	"3"	"10. 内存与 texture 管理经验"
"Games104\note_26.md"	"306"	"3"	"11. 数学与基础学科建议"
"Games104\note_26.md"	"309"	"3"	"12. 行业认知与敬畏之心"
"Games104\note_26.md"	"315"	"2"	"四、课堂问答（Q&A）"
"Games104\note_26.md"	"317"	"3"	"Q1：硬件光追发展这么快，Lumen 还做一整套基于 SDF 的软件光追，未来引擎里软件光追和硬件光追是不是都必须？"
"Games104\note_26.md"	"323"	"3"	"Q2：Lumen 系统这么复杂，是不是很难维护？要不要开发一个类似的系统？"
"Games104\note_26.md"	"329"	"3"	"Q3：实时动态 GI 会不会成为下一代 3A 游戏的标配？"
"Games104\note_26.md"	"337"	"2"	"五、课程收尾与预告"
"Games104\note_27.md"	"1"	"1"	"GPU 驱动的几何管线与 Nanite 技术：从传统渲染瓶颈到 Cluster Based Rendering 与 Visibility Buffer"
"Games104\note_27.md"	"5"	"2"	"一、 核心知识点与原理剖析"
"Games104\note_27.md"	"7"	"3"	"1. 传统渲染管线（Traditional Rendering Pipeline）的瓶颈"
"Games104\note_27.md"	"15"	"3"	"2. GPU Driven Rendering：从 Draw Primitive 到一次 Draw Call"
"Games104\note_27.md"	"26"	"3"	"3. Cluster Based Rendering：刺客信条大革命的革命性方案"
"Games104\note_27.md"	"48"	"3"	"4. Occlusion Culling（遮挡剔除）"
"Games104\note_27.md"	"66"	"3"	"5. Shadow Map 的高效生成与 Shadow Caster 剔除"
"Games104\note_27.md"	"81"	"3"	"6. Visibility Buffer 渲染管线"
"Games104\note_27.md"	"106"	"3"	"7. Nanite 的两个前导知识点总结"
"Games104\note_27.md"	"115"	"2"	"二、 重点术语与概念解析"
"Games104\note_27.md"	"117"	"3"	"1. Draw Call / Draw Primitive"
"Games104\note_27.md"	"121"	"3"	"2. Indirect Draw / Multi-Draw Indirect"
"Games104\note_27.md"	"125"	"3"	"3. Compute Shader（计算着色器）"
"Games104\note_27.md"	"129"	"3"	"4. Cluster / Chunk / Cluster Group"
"Games104\note_27.md"	"133"	"3"	"5. Wave / Wavefront / Warp"
"Games104\note_27.md"	"137"	"3"	"6. Index Buffer Compaction（索引缓冲压缩）"
"Games104\note_27.md"	"141"	"3"	"7. HZB（Hierarchical Z-Buffer，层次 Z 缓冲）"
"Games104\note_27.md"	"145"	"3"	"8. Two-Pass Occlusion Culling（二次遮挡剔除）"
"Games104\note_27.md"	"149"	"3"	"9. GBuffer / Fat GBuffer"
"Games104\note_27.md"	"153"	"3"	"10. Visibility Buffer（可见性缓冲）"
"Games104\note_27.md"	"157"	"3"	"11. Geometry Reconstruction（几何重建）"
"Games104\note_27.md"	"161"	"3"	"12. Z-Fighting（深度冲突）"
"Games104\note_27.md"	"165"	"3"	"13. Virtual Geometry（虚拟几何）"
"Games104\note_27.md"	"169"	"3"	"14. Overdraw（过度绘制）"
"Games104\note_27.md"	"173"	"3"	"15. LOD（Level of Detail，细节层次）"
"Games104\note_27.md"	"177"	"3"	"16. Mipmap / Trilinear Filtering"
"Games104\note_27.md"	"183"	"2"	"三、 工程经验与避坑指南"
"Games104\note_27.md"	"185"	"3"	"1. 渲染顺序的确定性（Deterministic）与 Z-Fighting"
"Games104\note_27.md"	"189"	"3"	"2. Occlusion Culling 缺失是常见性能 Bug"
"Games104\note_27.md"	"193"	"3"	"3. Cache Miss 的测量与性能分析"
"Games104\note_27.md"	"197"	"3"	"4. 算力增长快于带宽：架构选择会放大差距"
"Games104\note_27.md"	"201"	"3"	"5. Visibility Buffer 的工程细节"
"Games104\note_27.md"	"205"	"3"	"6. GPU Driven 对游戏引擎整体架构的意义"
"Games104\note_27.md"	"208"	"3"	"7. 学习建议"
"Games104\note_27.md"	"214"	"2"	"四、 Q&A 环节（上一节遗留问题解答）"
"Games104\note_27.md"	"216"	"3"	"1. ECS 架构中如何处理实体被删除"
"Games104\note_27.md"	"221"	"3"	"2. 如何测量 Cache Miss"
"Games104\note_27.md"	"225"	"3"	"3. 如何给设计师一个面向数据编程的工具集"
"Games104\note_27.md"	"231"	"3"	"4. Lumen 中如何处理自发光材质"
"Games104\note_27.md"	"239"	"2"	"五、 课程信息与补充说明"
"Games104\note_28.md"	"1"	"1"	"Nanite 虚拟化几何：无限精度几何的表达、渲染管线与虚拟阴影映射"
"Games104\note_28.md"	"3"	"2"	"一、核心知识点与原理剖析"
"Games104\note_28.md"	"5"	"3"	"1. Nanite 的起源与设计动机：从 Virtual Texture 到虚拟化几何"
"Games104\note_28.md"	"31"	"3"	"2. 几何表达方案的评估与三角形之选"
"Games104\note_28.md"	"62"	"3"	"3. Cluster 化几何与 View Dependent LOD Transition"
"Games104\note_28.md"	"71"	"3"	"4. 朴素 Cluster 简化方案及其缺陷（锁边问题）"
"Games104\note_28.md"	"91"	"3"	"5. Cluster Group：解决锁边困境的核心结构"
"Games104\note_28.md"	"120"	"3"	"6. 层次结构的本质：DAG 而非树"
"Games104\note_28.md"	"134"	"3"	"7. 并行化 LOD Selection：从树遍历到扁平列表"
"Games104\note_28.md"	"159"	"3"	"8. BVH 加速结构：让 LOD Selection 真正可实战"
"Games104\note_28.md"	"191"	"3"	"9. 渲染：Software Rasterization 与 Visibility Buffer"
"Games104\note_28.md"	"223"	"3"	"10. 远距离渲染：Imposter"
"Games104\note_28.md"	"233"	"3"	"11. Overdraw 分析与硬件趋势"
"Games104\note_28.md"	"241"	"3"	"12. 材质渲染：从全屏深度测试到 Tiled-based 方法"
"Games104\note_28.md"	"266"	"3"	"13. 阴影：Virtual Shadow Map"
"Games104\note_28.md"	"305"	"3"	"14. 数据 Streaming 与压缩"
"Games104\note_28.md"	"324"	"2"	"二、重点术语与概念解析"
"Games104\note_28.md"	"326"	"3"	"1. Virtual Texture（虚拟纹理）"
"Games104\note_28.md"	"330"	"3"	"2. Clip Map（裁剪贴图）"
"Games104\note_28.md"	"334"	"3"	"3. Cluster（簇）"
"Games104\note_28.md"	"338"	"3"	"4. Cluster Group（簇组）"
"Games104\note_28.md"	"342"	"3"	"5. View Dependent LOD Transition（视点相关的 LOD 过渡）"
"Games104\note_28.md"	"346"	"3"	"6. DAG（Directed Acyclic Graph，有向无环图）"
"Games104\note_28.md"	"350"	"3"	"7. BVH（Bounding Volume Hierarchy，包围体层次结构）"
"Games104\note_28.md"	"354"	"3"	"8. Error / Parent Error（误差 / 父节点误差）"
"Games104\note_28.md"	"358"	"3"	"9. Cut Line（裁剪线）"
"Games104\note_28.md"	"362"	"3"	"10. QEM（Quadric Error Metrics，二次误差度量）"
"Games104\note_28.md"	"366"	"3"	"11. Software Rasterization（软件光栅化）"
"Games104\note_28.md"	"370"	"3"	"12. InterlockedMax（原子最大操作）"
"Games104\note_28.md"	"374"	"3"	"13. ddx / ddy（屏幕空间偏导数）"
"Games104\note_28.md"	"378"	"3"	"14. Visibility Buffer（可见性缓冲）"
"Games104\note_28.md"	"382"	"3"	"15. Early Z（提前深度测试）"
"Games104\note_28.md"	"386"	"3"	"16. Skyline 算法（天际线算法）"
"Games104\note_28.md"	"390"	"3"	"17. Imposter（公告板/替身）"
"Games104\note_28.md"	"394"	"3"	"18. Overdraw（重复绘制/过度绘制）"
"Games104\note_28.md"	"398"	"3"	"19. Material Slot（材质槽）"
"Games104\note_28.md"	"402"	"3"	"20. Tiled-based Rendering（基于瓦片/分块的渲染）"
"Games104\note_28.md"	"406"	"3"	"21. Indirect Draw（间接绘制）"
"Games104\note_28.md"	"410"	"3"	"22. CSM（Cascade Shadow Map，级联阴影贴图）"
"Games104\note_28.md"	"414"	"3"	"23. Virtual Shadow Map（VSM，虚拟阴影贴图）"
"Games104\note_28.md"	"418"	"3"	"24. View Dependent Sampling（视点相关采样）"
"Games104\note_28.md"	"422"	"3"	"25. Bias（阴影偏移/容错）"
"Games104\note_28.md"	"426"	"3"	"26. Micro Mesh（微网格）"
"Games104\note_28.md"	"430"	"3"	"27. Quantization（量化）"
"Games104\note_28.md"	"434"	"3"	"28. LZ Compression（LZ 压缩）"
"Games104\note_28.md"	"438"	"3"	"29. DirectStorage（直连存储）"
"Games104\note_28.md"	"442"	"3"	"30. Job System / MPMC（任务系统 / 多生产者多消费者）"
"Games104\note_28.md"	"446"	"3"	"31. SDF（Signed Distance Field，有向距离场）"
"Games104\note_28.md"	"450"	"3"	"32. Subdivision Surface（细分曲面）"
"Games104\note_28.md"	"454"	"3"	"33. Displacement Map（位移贴图）"
"Games104\note_28.md"	"458"	"3"	"34. Skinned Geometry（蒙皮几何）"
"Games104\note_28.md"	"462"	"3"	"35. T-junction / Crack（裂缝/裂痕）"
"Games104\note_28.md"	"466"	"3"	"36. Watertight（水密性）"
"Games104\note_28.md"	"472"	"2"	"三、工程经验与避坑指南"
"Games104\note_28.md"	"474"	"3"	"1. 理解 Nanite 架构的踩坑经历（课程组经验）"
"Games104\note_28.md"	"481"	"3"	"2. 误差与 LOD 切换的工程质量"
"Games104\note_28.md"	"487"	"3"	"3. 性能分析与硬件发展趋势"
"Games104\note_28.md"	"494"	"3"	"4. Virtual Shadow Map 的工程使用建议"
"Games104\note_28.md"	"499"	"3"	"5. 课程团队工程实践方法论"
"Games104\note_28.md"	"506"	"3"	"6. Q&A：课堂问答实录"
"Games104\note_28.md"	"518"	"3"	"7. 课程结语"
"TA-Encyclopedia\AGENTS.md"	"1"	"1"	"Legacy TA-Encyclopedia Migration Scope"
"TA-Encyclopedia\README.md"	"12"	"1"	"TA-Encyclopedia"
"TA-Encyclopedia\README.md"	"16"	"2"	"快速入口"
"TA-Encyclopedia\README.md"	"23"	"2"	"维护原则"
"TA-Encyclopedia\00_Index\待扩充条目.md"	"14"	"1"	"完成度检查"
"TA-Encyclopedia\00_Index\待扩充条目.md"	"18"	"2"	"本次检查结论"
"TA-Encyclopedia\00_Index\待扩充条目.md"	"29"	"2"	"已补全并通过本地校验"
"TA-Encyclopedia\00_Index\待扩充条目.md"	"39"	"2"	"可选扩展主题"
"TA-Encyclopedia\00_Index\待扩充条目.md"	"43"	"3"	"Rendering 深挖"
"TA-Encyclopedia\00_Index\待扩充条目.md"	"54"	"3"	"Shader 深挖"
"TA-Encyclopedia\00_Index\待扩充条目.md"	"63"	"3"	"Pipeline 深挖"
"TA-Encyclopedia\00_Index\待扩充条目.md"	"70"	"3"	"AIGC 深挖"
"TA-Encyclopedia\00_Index\待扩充条目.md"	"76"	"2"	"版本复核项"
"TA-Encyclopedia\00_Index\待扩充条目.md"	"86"	"2"	"维护规则"
"TA-Encyclopedia\00_Index\技术美术百科总目录.md"	"14"	"1"	"技术美术百科总目录"
"TA-Encyclopedia\00_Index\技术美术百科总目录.md"	"18"	"2"	"00_Index"
"TA-Encyclopedia\00_Index\技术美术百科总目录.md"	"25"	"2"	"01_Rendering"
"TA-Encyclopedia\00_Index\技术美术百科总目录.md"	"62"	"2"	"02_Shader"
"TA-Encyclopedia\00_Index\技术美术百科总目录.md"	"88"	"2"	"03_Tools_Pipeline"
"TA-Encyclopedia\00_Index\技术美术百科总目录.md"	"111"	"2"	"04_Engine"
"TA-Encyclopedia\00_Index\技术美术百科总目录.md"	"136"	"2"	"05_Art_Production"
"TA-Encyclopedia\00_Index\技术美术百科总目录.md"	"163"	"2"	"06_AIGC_TA"
"TA-Encyclopedia\00_Index\技术美术百科总目录.md"	"190"	"2"	"07_Math_CS"
"TA-Encyclopedia\00_Index\技术美术百科总目录.md"	"213"	"2"	"90_Templates"
"TA-Encyclopedia\00_Index\技术美术百科总目录.md"	"219"	"2"	"91_Sources"
"TA-Encyclopedia\00_Index\技术美术百科总目录.md"	"224"	"2"	"92_Codex"
"TA-Encyclopedia\00_Index\术语索引.md"	"15"	"1"	"术语索引"
"TA-Encyclopedia\00_Index\术语索引.md"	"19"	"2"	"A"
"TA-Encyclopedia\00_Index\术语索引.md"	"32"	"2"	"B"
"TA-Encyclopedia\00_Index\术语索引.md"	"44"	"2"	"C"
"TA-Encyclopedia\00_Index\术语索引.md"	"56"	"2"	"D"
"TA-Encyclopedia\00_Index\术语索引.md"	"67"	"2"	"E"
"TA-Encyclopedia\00_Index\术语索引.md"	"72"	"2"	"F"
"TA-Encyclopedia\00_Index\术语索引.md"	"81"	"2"	"G"
"TA-Encyclopedia\00_Index\术语索引.md"	"89"	"2"	"H"
"TA-Encyclopedia\00_Index\术语索引.md"	"97"	"2"	"I"
"TA-Encyclopedia\00_Index\术语索引.md"	"104"	"2"	"K"
"TA-Encyclopedia\00_Index\术语索引.md"	"108"	"2"	"L"
"TA-Encyclopedia\00_Index\术语索引.md"	"119"	"2"	"M"
"TA-Encyclopedia\00_Index\术语索引.md"	"131"	"2"	"N"
"TA-Encyclopedia\00_Index\术语索引.md"	"138"	"2"	"O"
"TA-Encyclopedia\00_Index\术语索引.md"	"143"	"2"	"P"
"TA-Encyclopedia\00_Index\术语索引.md"	"152"	"2"	"R"
"TA-Encyclopedia\00_Index\术语索引.md"	"166"	"2"	"S"
"TA-Encyclopedia\00_Index\术语索引.md"	"186"	"2"	"T"
"TA-Encyclopedia\00_Index\术语索引.md"	"198"	"2"	"U"
"TA-Encyclopedia\00_Index\术语索引.md"	"213"	"2"	"V"
"TA-Encyclopedia\00_Index\术语索引.md"	"221"	"2"	"W"
"TA-Encyclopedia\00_Index\术语索引.md"	"225"	"2"	"Y"
"TA-Encyclopedia\00_Index\术语索引.md"	"229"	"2"	"Z"
"TA-Encyclopedia\00_Index\术语索引.md"	"233"	"2"	"中文"
"TA-Encyclopedia\00_Index\学习路线图.md"	"14"	"1"	"学习路线图"
"TA-Encyclopedia\00_Index\学习路线图.md"	"16"	"2"	"技术美术入门路线"
"TA-Encyclopedia\00_Index\学习路线图.md"	"18"	"3"	"前置知识"
"TA-Encyclopedia\00_Index\学习路线图.md"	"24"	"3"	"学习顺序"
"TA-Encyclopedia\00_Index\学习路线图.md"	"36"	"3"	"推荐实践项目"
"TA-Encyclopedia\00_Index\学习路线图.md"	"41"	"2"	"Shader 学习路线"
"TA-Encyclopedia\00_Index\学习路线图.md"	"43"	"3"	"前置知识"
"TA-Encyclopedia\00_Index\学习路线图.md"	"50"	"3"	"学习顺序"
"TA-Encyclopedia\00_Index\学习路线图.md"	"63"	"3"	"推荐实践项目"
"TA-Encyclopedia\00_Index\学习路线图.md"	"69"	"2"	"实时渲染学习路线"
"TA-Encyclopedia\00_Index\学习路线图.md"	"71"	"3"	"前置知识"
"TA-Encyclopedia\00_Index\学习路线图.md"	"77"	"3"	"学习顺序"
"TA-Encyclopedia\00_Index\学习路线图.md"	"90"	"3"	"推荐实践项目"
"TA-Encyclopedia\00_Index\学习路线图.md"	"96"	"2"	"Unity TA 学习路线"
"TA-Encyclopedia\00_Index\学习路线图.md"	"98"	"3"	"学习顺序"
"TA-Encyclopedia\00_Index\学习路线图.md"	"107"	"3"	"推荐实践项目"
"TA-Encyclopedia\00_Index\学习路线图.md"	"113"	"2"	"Unreal TA 学习路线"
"TA-Encyclopedia\00_Index\学习路线图.md"	"115"	"3"	"学习顺序"
"TA-Encyclopedia\00_Index\学习路线图.md"	"123"	"3"	"推荐实践项目"
"TA-Encyclopedia\00_Index\学习路线图.md"	"129"	"2"	"DCC Pipeline 学习路线"
"TA-Encyclopedia\00_Index\学习路线图.md"	"131"	"3"	"学习顺序"
"TA-Encyclopedia\00_Index\学习路线图.md"	"141"	"3"	"推荐实践项目"
"TA-Encyclopedia\00_Index\学习路线图.md"	"146"	"2"	"AIGC TA 学习路线"
"TA-Encyclopedia\00_Index\学习路线图.md"	"148"	"3"	"学习顺序"
"TA-Encyclopedia\00_Index\学习路线图.md"	"156"	"3"	"推荐实践项目"
"TA-Encyclopedia\00_Index\README.md"	"12"	"1"	"00_Index"
"TA-Encyclopedia\01_Rendering\渲染管线.md"	"13"	"1"	"渲染管线"
"TA-Encyclopedia\01_Rendering\渲染管线.md"	"15"	"2"	"定义与解释"
"TA-Encyclopedia\01_Rendering\渲染管线.md"	"19"	"2"	"核心原理"
"TA-Encyclopedia\01_Rendering\渲染管线.md"	"25"	"2"	"用途"
"TA-Encyclopedia\01_Rendering\渲染管线.md"	"31"	"2"	"与其他概念的区别"
"TA-Encyclopedia\01_Rendering\渲染管线.md"	"38"	"2"	"常见误区"
"TA-Encyclopedia\01_Rendering\渲染管线.md"	"44"	"2"	"相关条目"
"TA-Encyclopedia\01_Rendering\渲染管线.md"	"50"	"2"	"参考来源"
"TA-Encyclopedia\01_Rendering\Alpha Blend.md"	"15"	"1"	"Alpha Blend"
"TA-Encyclopedia\01_Rendering\Alpha Blend.md"	"17"	"2"	"定义与解释"
"TA-Encyclopedia\01_Rendering\Alpha Blend.md"	"21"	"2"	"核心原理"
"TA-Encyclopedia\01_Rendering\Alpha Blend.md"	"27"	"2"	"用途"
"TA-Encyclopedia\01_Rendering\Alpha Blend.md"	"33"	"2"	"与其他概念的区别"
"TA-Encyclopedia\01_Rendering\Alpha Blend.md"	"40"	"2"	"常见误区"
"TA-Encyclopedia\01_Rendering\Alpha Blend.md"	"46"	"2"	"相关条目"
"TA-Encyclopedia\01_Rendering\Alpha Blend.md"	"52"	"2"	"参考来源"
"TA-Encyclopedia\01_Rendering\Alpha Test.md"	"16"	"1"	"Alpha Test"
"TA-Encyclopedia\01_Rendering\Alpha Test.md"	"18"	"2"	"定义与解释"
"TA-Encyclopedia\01_Rendering\Alpha Test.md"	"22"	"2"	"核心原理"
"TA-Encyclopedia\01_Rendering\Alpha Test.md"	"28"	"2"	"用途"
"TA-Encyclopedia\01_Rendering\Alpha Test.md"	"34"	"2"	"与其他概念的区别"
"TA-Encyclopedia\01_Rendering\Alpha Test.md"	"41"	"2"	"常见误区"
"TA-Encyclopedia\01_Rendering\Alpha Test.md"	"47"	"2"	"相关条目"
"TA-Encyclopedia\01_Rendering\Alpha Test.md"	"53"	"2"	"参考来源"
"TA-Encyclopedia\01_Rendering\Bloom.md"	"15"	"1"	"Bloom"
"TA-Encyclopedia\01_Rendering\Bloom.md"	"17"	"2"	"定义与解释"
"TA-Encyclopedia\01_Rendering\Bloom.md"	"21"	"2"	"核心原理"
"TA-Encyclopedia\01_Rendering\Bloom.md"	"27"	"2"	"用途"
"TA-Encyclopedia\01_Rendering\Bloom.md"	"33"	"2"	"与其他概念的区别"
"TA-Encyclopedia\01_Rendering\Bloom.md"	"40"	"2"	"常见误区"
"TA-Encyclopedia\01_Rendering\Bloom.md"	"46"	"2"	"相关条目"
"TA-Encyclopedia\01_Rendering\Bloom.md"	"52"	"2"	"参考来源"
"TA-Encyclopedia\01_Rendering\BRDF.md"	"15"	"1"	"BRDF"
"TA-Encyclopedia\01_Rendering\BRDF.md"	"17"	"2"	"定义与解释"
"TA-Encyclopedia\01_Rendering\BRDF.md"	"21"	"2"	"核心原理"
"TA-Encyclopedia\01_Rendering\BRDF.md"	"27"	"2"	"用途"
"TA-Encyclopedia\01_Rendering\BRDF.md"	"33"	"2"	"与其他概念的区别"
"TA-Encyclopedia\01_Rendering\BRDF.md"	"40"	"2"	"常见误区"
"TA-Encyclopedia\01_Rendering\BRDF.md"	"46"	"2"	"相关条目"
"TA-Encyclopedia\01_Rendering\BRDF.md"	"52"	"2"	"参考来源"
"TA-Encyclopedia\01_Rendering\Deferred_Rendering.md"	"14"	"1"	"Deferred Rendering"
"TA-Encyclopedia\01_Rendering\Deferred_Rendering.md"	"16"	"2"	"定义与解释"
"TA-Encyclopedia\01_Rendering\Deferred_Rendering.md"	"20"	"2"	"核心原理"
"TA-Encyclopedia\01_Rendering\Deferred_Rendering.md"	"26"	"2"	"用途"
"TA-Encyclopedia\01_Rendering\Deferred_Rendering.md"	"32"	"2"	"与其他概念的区别"
"TA-Encyclopedia\01_Rendering\Deferred_Rendering.md"	"39"	"2"	"常见误区"
"TA-Encyclopedia\01_Rendering\Deferred_Rendering.md"	"45"	"2"	"相关条目"
"TA-Encyclopedia\01_Rendering\Deferred_Rendering.md"	"51"	"2"	"参考来源"
"TA-Encyclopedia\01_Rendering\Depth Buffer.md"	"15"	"1"	"Depth Buffer"
"TA-Encyclopedia\01_Rendering\Depth Buffer.md"	"17"	"2"	"定义与解释"
"TA-Encyclopedia\01_Rendering\Depth Buffer.md"	"21"	"2"	"核心原理"
"TA-Encyclopedia\01_Rendering\Depth Buffer.md"	"27"	"2"	"用途"
"TA-Encyclopedia\01_Rendering\Depth Buffer.md"	"33"	"2"	"与其他概念的区别"
"TA-Encyclopedia\01_Rendering\Depth Buffer.md"	"40"	"2"	"常见误区"
"TA-Encyclopedia\01_Rendering\Depth Buffer.md"	"46"	"2"	"相关条目"
"TA-Encyclopedia\01_Rendering\Depth Buffer.md"	"52"	"2"	"参考来源"
"TA-Encyclopedia\01_Rendering\Depth of Field.md"	"15"	"1"	"Depth of Field"
"TA-Encyclopedia\01_Rendering\Depth of Field.md"	"17"	"2"	"定义与解释"
"TA-Encyclopedia\01_Rendering\Depth of Field.md"	"21"	"2"	"核心原理"
"TA-Encyclopedia\01_Rendering\Depth of Field.md"	"27"	"2"	"用途"
"TA-Encyclopedia\01_Rendering\Depth of Field.md"	"33"	"2"	"与其他概念的区别"
"TA-Encyclopedia\01_Rendering\Depth of Field.md"	"40"	"2"	"常见误区"
"TA-Encyclopedia\01_Rendering\Depth of Field.md"	"46"	"2"	"相关条目"
"TA-Encyclopedia\01_Rendering\Depth of Field.md"	"52"	"2"	"参考来源"
"TA-Encyclopedia\01_Rendering\Early-Z.md"	"15"	"1"	"Early-Z"
"TA-Encyclopedia\01_Rendering\Early-Z.md"	"17"	"2"	"定义与解释"
"TA-Encyclopedia\01_Rendering\Early-Z.md"	"21"	"2"	"核心原理"
"TA-Encyclopedia\01_Rendering\Early-Z.md"	"27"	"2"	"用途"
"TA-Encyclopedia\01_Rendering\Early-Z.md"	"33"	"2"	"与其他概念的区别"
"TA-Encyclopedia\01_Rendering\Early-Z.md"	"40"	"2"	"常见误区"
"TA-Encyclopedia\01_Rendering\Early-Z.md"	"46"	"2"	"相关条目"
"TA-Encyclopedia\01_Rendering\Early-Z.md"	"52"	"2"	"参考来源"
"TA-Encyclopedia\01_Rendering\Forward_Rendering.md"	"14"	"1"	"Forward Rendering"
"TA-Encyclopedia\01_Rendering\Forward_Rendering.md"	"16"	"2"	"定义与解释"
"TA-Encyclopedia\01_Rendering\Forward_Rendering.md"	"20"	"2"	"核心原理"
"TA-Encyclopedia\01_Rendering\Forward_Rendering.md"	"26"	"2"	"用途"
"TA-Encyclopedia\01_Rendering\Forward_Rendering.md"	"32"	"2"	"与其他概念的区别"
"TA-Encyclopedia\01_Rendering\Forward_Rendering.md"	"39"	"2"	"常见误区"
"TA-Encyclopedia\01_Rendering\Forward_Rendering.md"	"45"	"2"	"相关条目"
"TA-Encyclopedia\01_Rendering\Forward_Rendering.md"	"51"	"2"	"参考来源"
"TA-Encyclopedia\01_Rendering\Fragment Shader.md"	"15"	"1"	"Fragment Shader"
"TA-Encyclopedia\01_Rendering\Fragment Shader.md"	"17"	"2"	"定义与解释"
"TA-Encyclopedia\01_Rendering\Fragment Shader.md"	"21"	"2"	"核心原理"
"TA-Encyclopedia\01_Rendering\Fragment Shader.md"	"27"	"2"	"用途"
"TA-Encyclopedia\01_Rendering\Fragment Shader.md"	"33"	"2"	"与其他概念的区别"
"TA-Encyclopedia\01_Rendering\Fragment Shader.md"	"40"	"2"	"常见误区"
"TA-Encyclopedia\01_Rendering\Fragment Shader.md"	"46"	"2"	"相关条目"
"TA-Encyclopedia\01_Rendering\Fragment Shader.md"	"52"	"2"	"参考来源"
"TA-Encyclopedia\01_Rendering\Framebuffer.md"	"14"	"1"	"Framebuffer"
"TA-Encyclopedia\01_Rendering\Framebuffer.md"	"16"	"2"	"定义与解释"
"TA-Encyclopedia\01_Rendering\Framebuffer.md"	"20"	"2"	"核心原理"
"TA-Encyclopedia\01_Rendering\Framebuffer.md"	"26"	"2"	"用途"
"TA-Encyclopedia\01_Rendering\Framebuffer.md"	"32"	"2"	"与其他概念的区别"
"TA-Encyclopedia\01_Rendering\Framebuffer.md"	"39"	"2"	"常见误区"
"TA-Encyclopedia\01_Rendering\Framebuffer.md"	"45"	"2"	"相关条目"
"TA-Encyclopedia\01_Rendering\Framebuffer.md"	"51"	"2"	"参考来源"
"TA-Encyclopedia\01_Rendering\Fresnel.md"	"14"	"1"	"Fresnel"
"TA-Encyclopedia\01_Rendering\Fresnel.md"	"16"	"2"	"定义与解释"
"TA-Encyclopedia\01_Rendering\Fresnel.md"	"20"	"2"	"核心原理"
"TA-Encyclopedia\01_Rendering\Fresnel.md"	"26"	"2"	"用途"
"TA-Encyclopedia\01_Rendering\Fresnel.md"	"32"	"2"	"与其他概念的区别"
"TA-Encyclopedia\01_Rendering\Fresnel.md"	"39"	"2"	"常见误区"
"TA-Encyclopedia\01_Rendering\Fresnel.md"	"45"	"2"	"相关条目"
"TA-Encyclopedia\01_Rendering\Fresnel.md"	"51"	"2"	"参考来源"
"TA-Encyclopedia\01_Rendering\G-Buffer.md"	"13"	"1"	"G-Buffer"
"TA-Encyclopedia\01_Rendering\G-Buffer.md"	"15"	"2"	"定义与解释"
"TA-Encyclopedia\01_Rendering\G-Buffer.md"	"19"	"2"	"常见内容"
"TA-Encyclopedia\01_Rendering\G-Buffer.md"	"27"	"2"	"核心原理"
"TA-Encyclopedia\01_Rendering\G-Buffer.md"	"33"	"2"	"用途"
"TA-Encyclopedia\01_Rendering\G-Buffer.md"	"39"	"2"	"与其他概念的区别"
"TA-Encyclopedia\01_Rendering\G-Buffer.md"	"46"	"2"	"常见误区"
"TA-Encyclopedia\01_Rendering\G-Buffer.md"	"52"	"2"	"相关条目"
"TA-Encyclopedia\01_Rendering\G-Buffer.md"	"58"	"2"	"参考来源"
"TA-Encyclopedia\01_Rendering\IBL.md"	"15"	"1"	"IBL"
"TA-Encyclopedia\01_Rendering\IBL.md"	"17"	"2"	"定义与解释"
"TA-Encyclopedia\01_Rendering\IBL.md"	"21"	"2"	"核心原理"
"TA-Encyclopedia\01_Rendering\IBL.md"	"27"	"2"	"用途"
"TA-Encyclopedia\01_Rendering\IBL.md"	"33"	"2"	"与其他概念的区别"
"TA-Encyclopedia\01_Rendering\IBL.md"	"40"	"2"	"常见误区"
"TA-Encyclopedia\01_Rendering\IBL.md"	"46"	"2"	"相关条目"
"TA-Encyclopedia\01_Rendering\IBL.md"	"52"	"2"	"参考来源"
"TA-Encyclopedia\01_Rendering\Lambert.md"	"14"	"1"	"Lambert"
"TA-Encyclopedia\01_Rendering\Lambert.md"	"16"	"2"	"定义与解释"
"TA-Encyclopedia\01_Rendering\Lambert.md"	"20"	"2"	"核心原理"
"TA-Encyclopedia\01_Rendering\Lambert.md"	"26"	"2"	"用途"
"TA-Encyclopedia\01_Rendering\Lambert.md"	"32"	"2"	"与其他概念的区别"
"TA-Encyclopedia\01_Rendering\Lambert.md"	"39"	"2"	"常见误区"
"TA-Encyclopedia\01_Rendering\Lambert.md"	"45"	"2"	"相关条目"
"TA-Encyclopedia\01_Rendering\Lambert.md"	"51"	"2"	"参考来源"
"TA-Encyclopedia\01_Rendering\Light Probe.md"	"14"	"1"	"Light Probe"
"TA-Encyclopedia\01_Rendering\Light Probe.md"	"16"	"2"	"定义与解释"
"TA-Encyclopedia\01_Rendering\Light Probe.md"	"20"	"2"	"核心原理"
"TA-Encyclopedia\01_Rendering\Light Probe.md"	"26"	"2"	"用途"
"TA-Encyclopedia\01_Rendering\Light Probe.md"	"32"	"2"	"与其他概念的区别"
"TA-Encyclopedia\01_Rendering\Light Probe.md"	"39"	"2"	"常见误区"
"TA-Encyclopedia\01_Rendering\Light Probe.md"	"45"	"2"	"相关条目"
"TA-Encyclopedia\01_Rendering\Light Probe.md"	"51"	"2"	"参考来源"
"TA-Encyclopedia\01_Rendering\Metallic.md"	"14"	"1"	"Metallic"
"TA-Encyclopedia\01_Rendering\Metallic.md"	"16"	"2"	"定义与解释"
"TA-Encyclopedia\01_Rendering\Metallic.md"	"20"	"2"	"核心原理"
"TA-Encyclopedia\01_Rendering\Metallic.md"	"26"	"2"	"用途"
"TA-Encyclopedia\01_Rendering\Metallic.md"	"32"	"2"	"与其他概念的区别"
"TA-Encyclopedia\01_Rendering\Metallic.md"	"39"	"2"	"常见误区"
"TA-Encyclopedia\01_Rendering\Metallic.md"	"45"	"2"	"相关条目"
"TA-Encyclopedia\01_Rendering\Metallic.md"	"51"	"2"	"参考来源"
"TA-Encyclopedia\01_Rendering\NPR.md"	"13"	"1"	"NPR"
"TA-Encyclopedia\01_Rendering\NPR.md"	"15"	"2"	"定义与解释"
"TA-Encyclopedia\01_Rendering\NPR.md"	"19"	"2"	"核心原理"
"TA-Encyclopedia\01_Rendering\NPR.md"	"25"	"2"	"用途"
"TA-Encyclopedia\01_Rendering\NPR.md"	"31"	"2"	"与其他概念的区别"
"TA-Encyclopedia\01_Rendering\NPR.md"	"38"	"2"	"常见误区"
"TA-Encyclopedia\01_Rendering\NPR.md"	"44"	"2"	"相关条目"
"TA-Encyclopedia\01_Rendering\NPR.md"	"50"	"2"	"参考来源"
"TA-Encyclopedia\01_Rendering\Overdraw.md"	"14"	"1"	"Overdraw"
"TA-Encyclopedia\01_Rendering\Overdraw.md"	"16"	"2"	"定义与解释"
"TA-Encyclopedia\01_Rendering\Overdraw.md"	"20"	"2"	"核心原理"
"TA-Encyclopedia\01_Rendering\Overdraw.md"	"26"	"2"	"用途"
"TA-Encyclopedia\01_Rendering\Overdraw.md"	"32"	"2"	"与其他概念的区别"
"TA-Encyclopedia\01_Rendering\Overdraw.md"	"39"	"2"	"常见误区"
"TA-Encyclopedia\01_Rendering\Overdraw.md"	"45"	"2"	"相关条目"
"TA-Encyclopedia\01_Rendering\Overdraw.md"	"51"	"2"	"参考来源"
"TA-Encyclopedia\01_Rendering\PBR.md"	"13"	"1"	"PBR"
"TA-Encyclopedia\01_Rendering\PBR.md"	"15"	"2"	"定义与解释"
"TA-Encyclopedia\01_Rendering\PBR.md"	"19"	"2"	"核心概念"
"TA-Encyclopedia\01_Rendering\PBR.md"	"29"	"2"	"常见问题"
"TA-Encyclopedia\01_Rendering\PBR.md"	"35"	"2"	"核心原理"
"TA-Encyclopedia\01_Rendering\PBR.md"	"41"	"2"	"用途"
"TA-Encyclopedia\01_Rendering\PBR.md"	"47"	"2"	"与其他概念的区别"
"TA-Encyclopedia\01_Rendering\PBR.md"	"54"	"2"	"常见误区"
"TA-Encyclopedia\01_Rendering\PBR.md"	"60"	"2"	"相关条目"
"TA-Encyclopedia\01_Rendering\PBR.md"	"67"	"2"	"参考来源"
"TA-Encyclopedia\01_Rendering\Rasterization.md"	"14"	"1"	"Rasterization"
"TA-Encyclopedia\01_Rendering\Rasterization.md"	"16"	"2"	"定义与解释"
"TA-Encyclopedia\01_Rendering\Rasterization.md"	"20"	"2"	"核心原理"
"TA-Encyclopedia\01_Rendering\Rasterization.md"	"26"	"2"	"用途"
"TA-Encyclopedia\01_Rendering\Rasterization.md"	"32"	"2"	"与其他概念的区别"
"TA-Encyclopedia\01_Rendering\Rasterization.md"	"39"	"2"	"常见误区"
"TA-Encyclopedia\01_Rendering\Rasterization.md"	"45"	"2"	"相关条目"
"TA-Encyclopedia\01_Rendering\Rasterization.md"	"51"	"2"	"参考来源"
"TA-Encyclopedia\01_Rendering\README.md"	"12"	"1"	"01_Rendering"
"TA-Encyclopedia\01_Rendering\README.md"	"16"	"2"	"推荐阅读顺序"
"TA-Encyclopedia\01_Rendering\README.md"	"31"	"2"	"基础渲染"
"TA-Encyclopedia\01_Rendering\README.md"	"46"	"2"	"渲染路径"
"TA-Encyclopedia\01_Rendering\README.md"	"54"	"2"	"光照与材质"
"TA-Encyclopedia\01_Rendering\README.md"	"61"	"2"	"NPR"
"TA-Encyclopedia\01_Rendering\README.md"	"66"	"2"	"后处理"
"TA-Encyclopedia\01_Rendering\Reflection Probe.md"	"14"	"1"	"Reflection Probe"
"TA-Encyclopedia\01_Rendering\Reflection Probe.md"	"16"	"2"	"定义与解释"
"TA-Encyclopedia\01_Rendering\Reflection Probe.md"	"20"	"2"	"核心原理"
"TA-Encyclopedia\01_Rendering\Reflection Probe.md"	"26"	"2"	"用途"
"TA-Encyclopedia\01_Rendering\Reflection Probe.md"	"32"	"2"	"与其他概念的区别"
"TA-Encyclopedia\01_Rendering\Reflection Probe.md"	"39"	"2"	"常见误区"
"TA-Encyclopedia\01_Rendering\Reflection Probe.md"	"45"	"2"	"相关条目"
"TA-Encyclopedia\01_Rendering\Reflection Probe.md"	"51"	"2"	"参考来源"
"TA-Encyclopedia\01_Rendering\Render Pass.md"	"14"	"1"	"Render Pass"
"TA-Encyclopedia\01_Rendering\Render Pass.md"	"16"	"2"	"定义与解释"
"TA-Encyclopedia\01_Rendering\Render Pass.md"	"20"	"2"	"核心原理"
"TA-Encyclopedia\01_Rendering\Render Pass.md"	"26"	"2"	"用途"
"TA-Encyclopedia\01_Rendering\Render Pass.md"	"32"	"2"	"与其他概念的区别"
"TA-Encyclopedia\01_Rendering\Render Pass.md"	"39"	"2"	"常见误区"
"TA-Encyclopedia\01_Rendering\Render Pass.md"	"45"	"2"	"相关条目"
"TA-Encyclopedia\01_Rendering\Render Pass.md"	"51"	"2"	"参考来源"
"TA-Encyclopedia\01_Rendering\Render Target.md"	"14"	"1"	"Render Target"
"TA-Encyclopedia\01_Rendering\Render Target.md"	"16"	"2"	"定义与解释"
"TA-Encyclopedia\01_Rendering\Render Target.md"	"20"	"2"	"核心原理"
"TA-Encyclopedia\01_Rendering\Render Target.md"	"26"	"2"	"用途"
"TA-Encyclopedia\01_Rendering\Render Target.md"	"32"	"2"	"与其他概念的区别"
"TA-Encyclopedia\01_Rendering\Render Target.md"	"39"	"2"	"常见误区"
"TA-Encyclopedia\01_Rendering\Render Target.md"	"45"	"2"	"相关条目"
"TA-Encyclopedia\01_Rendering\Render Target.md"	"51"	"2"	"参考来源"
"TA-Encyclopedia\01_Rendering\Roughness.md"	"14"	"1"	"Roughness"
"TA-Encyclopedia\01_Rendering\Roughness.md"	"16"	"2"	"定义与解释"
"TA-Encyclopedia\01_Rendering\Roughness.md"	"20"	"2"	"核心原理"
"TA-Encyclopedia\01_Rendering\Roughness.md"	"26"	"2"	"用途"
"TA-Encyclopedia\01_Rendering\Roughness.md"	"32"	"2"	"与其他概念的区别"
"TA-Encyclopedia\01_Rendering\Roughness.md"	"39"	"2"	"常见误区"
"TA-Encyclopedia\01_Rendering\Roughness.md"	"45"	"2"	"相关条目"
"TA-Encyclopedia\01_Rendering\Roughness.md"	"51"	"2"	"参考来源"
"TA-Encyclopedia\01_Rendering\Shadow_Mapping.md"	"13"	"1"	"Shadow Mapping"
"TA-Encyclopedia\01_Rendering\Shadow_Mapping.md"	"15"	"2"	"定义与解释"
"TA-Encyclopedia\01_Rendering\Shadow_Mapping.md"	"19"	"2"	"常见问题"
"TA-Encyclopedia\01_Rendering\Shadow_Mapping.md"	"26"	"2"	"核心原理"
"TA-Encyclopedia\01_Rendering\Shadow_Mapping.md"	"32"	"2"	"用途"
"TA-Encyclopedia\01_Rendering\Shadow_Mapping.md"	"38"	"2"	"与其他概念的区别"
"TA-Encyclopedia\01_Rendering\Shadow_Mapping.md"	"45"	"2"	"常见误区"
"TA-Encyclopedia\01_Rendering\Shadow_Mapping.md"	"51"	"2"	"相关条目"
"TA-Encyclopedia\01_Rendering\Shadow_Mapping.md"	"57"	"2"	"参考来源"
"TA-Encyclopedia\01_Rendering\SSAO.md"	"14"	"1"	"SSAO"
"TA-Encyclopedia\01_Rendering\SSAO.md"	"16"	"2"	"定义与解释"
"TA-Encyclopedia\01_Rendering\SSAO.md"	"20"	"2"	"核心原理"
"TA-Encyclopedia\01_Rendering\SSAO.md"	"26"	"2"	"用途"
"TA-Encyclopedia\01_Rendering\SSAO.md"	"32"	"2"	"与其他概念的区别"
"TA-Encyclopedia\01_Rendering\SSAO.md"	"39"	"2"	"常见误区"
"TA-Encyclopedia\01_Rendering\SSAO.md"	"45"	"2"	"相关条目"
"TA-Encyclopedia\01_Rendering\SSAO.md"	"51"	"2"	"参考来源"
"TA-Encyclopedia\01_Rendering\Stencil Buffer.md"	"14"	"1"	"Stencil Buffer"
"TA-Encyclopedia\01_Rendering\Stencil Buffer.md"	"16"	"2"	"定义与解释"
"TA-Encyclopedia\01_Rendering\Stencil Buffer.md"	"20"	"2"	"核心原理"
"TA-Encyclopedia\01_Rendering\Stencil Buffer.md"	"26"	"2"	"用途"
"TA-Encyclopedia\01_Rendering\Stencil Buffer.md"	"32"	"2"	"与其他概念的区别"
"TA-Encyclopedia\01_Rendering\Stencil Buffer.md"	"39"	"2"	"常见误区"
"TA-Encyclopedia\01_Rendering\Stencil Buffer.md"	"45"	"2"	"相关条目"
"TA-Encyclopedia\01_Rendering\Stencil Buffer.md"	"51"	"2"	"参考来源"
"TA-Encyclopedia\01_Rendering\Tone Mapping.md"	"14"	"1"	"Tone Mapping"
"TA-Encyclopedia\01_Rendering\Tone Mapping.md"	"16"	"2"	"定义与解释"
"TA-Encyclopedia\01_Rendering\Tone Mapping.md"	"20"	"2"	"核心原理"
"TA-Encyclopedia\01_Rendering\Tone Mapping.md"	"26"	"2"	"用途"
"TA-Encyclopedia\01_Rendering\Tone Mapping.md"	"32"	"2"	"与其他概念的区别"
"TA-Encyclopedia\01_Rendering\Tone Mapping.md"	"39"	"2"	"常见误区"
"TA-Encyclopedia\01_Rendering\Tone Mapping.md"	"45"	"2"	"相关条目"
"TA-Encyclopedia\01_Rendering\Tone Mapping.md"	"51"	"2"	"参考来源"
"TA-Encyclopedia\01_Rendering\Toon_Shading.md"	"13"	"1"	"Toon Shading"
"TA-Encyclopedia\01_Rendering\Toon_Shading.md"	"15"	"2"	"定义与解释"
"TA-Encyclopedia\01_Rendering\Toon_Shading.md"	"19"	"2"	"核心原理"
"TA-Encyclopedia\01_Rendering\Toon_Shading.md"	"25"	"2"	"用途"
"TA-Encyclopedia\01_Rendering\Toon_Shading.md"	"31"	"2"	"与其他概念的区别"
"TA-Encyclopedia\01_Rendering\Toon_Shading.md"	"38"	"2"	"常见误区"
"TA-Encyclopedia\01_Rendering\Toon_Shading.md"	"44"	"2"	"相关条目"
"TA-Encyclopedia\01_Rendering\Toon_Shading.md"	"50"	"2"	"参考来源"
"TA-Encyclopedia\01_Rendering\Vertex Shader.md"	"14"	"1"	"Vertex Shader"
"TA-Encyclopedia\01_Rendering\Vertex Shader.md"	"16"	"2"	"定义与解释"
"TA-Encyclopedia\01_Rendering\Vertex Shader.md"	"20"	"2"	"核心原理"
"TA-Encyclopedia\01_Rendering\Vertex Shader.md"	"26"	"2"	"用途"
"TA-Encyclopedia\01_Rendering\Vertex Shader.md"	"32"	"2"	"与其他概念的区别"
"TA-Encyclopedia\01_Rendering\Vertex Shader.md"	"39"	"2"	"常见误区"
"TA-Encyclopedia\01_Rendering\Vertex Shader.md"	"45"	"2"	"相关条目"
"TA-Encyclopedia\01_Rendering\Vertex Shader.md"	"51"	"2"	"参考来源"
"TA-Encyclopedia\01_Rendering\Vulkan.md"	"13"	"1"	"Vulkan"
"TA-Encyclopedia\01_Rendering\Vulkan.md"	"15"	"2"	"定义与解释"
"TA-Encyclopedia\01_Rendering\Vulkan.md"	"19"	"2"	"核心原理"
"TA-Encyclopedia\01_Rendering\Vulkan.md"	"25"	"2"	"用途"
"TA-Encyclopedia\01_Rendering\Vulkan.md"	"31"	"2"	"与其他概念的区别"
"TA-Encyclopedia\01_Rendering\Vulkan.md"	"38"	"2"	"常见误区"
"TA-Encyclopedia\01_Rendering\Vulkan.md"	"44"	"2"	"相关条目"
"TA-Encyclopedia\01_Rendering\Vulkan.md"	"50"	"2"	"参考来源"
"TA-Encyclopedia\01_Rendering\Z-Test.md"	"15"	"1"	"Z-Test"
"TA-Encyclopedia\01_Rendering\Z-Test.md"	"17"	"2"	"定义与解释"
"TA-Encyclopedia\01_Rendering\Z-Test.md"	"21"	"2"	"核心原理"
"TA-Encyclopedia\01_Rendering\Z-Test.md"	"27"	"2"	"用途"
"TA-Encyclopedia\01_Rendering\Z-Test.md"	"33"	"2"	"与其他概念的区别"
"TA-Encyclopedia\01_Rendering\Z-Test.md"	"40"	"2"	"常见误区"
"TA-Encyclopedia\01_Rendering\Z-Test.md"	"46"	"2"	"相关条目"
"TA-Encyclopedia\01_Rendering\Z-Test.md"	"52"	"2"	"参考来源"
"TA-Encyclopedia\02_Shader\后处理.md"	"13"	"1"	"后处理"
"TA-Encyclopedia\02_Shader\后处理.md"	"15"	"2"	"定义与解释"
"TA-Encyclopedia\02_Shader\后处理.md"	"19"	"2"	"核心原理"
"TA-Encyclopedia\02_Shader\后处理.md"	"25"	"2"	"用途"
"TA-Encyclopedia\02_Shader\后处理.md"	"31"	"2"	"与其他概念的区别"
"TA-Encyclopedia\02_Shader\后处理.md"	"38"	"2"	"常见误区"
"TA-Encyclopedia\02_Shader\后处理.md"	"44"	"2"	"相关条目"
"TA-Encyclopedia\02_Shader\后处理.md"	"51"	"2"	"参考来源"
"TA-Encyclopedia\02_Shader\Branch.md"	"14"	"1"	"Branch"
"TA-Encyclopedia\02_Shader\Branch.md"	"16"	"2"	"定义与解释"
"TA-Encyclopedia\02_Shader\Branch.md"	"20"	"2"	"核心原理"
"TA-Encyclopedia\02_Shader\Branch.md"	"26"	"2"	"用途"
"TA-Encyclopedia\02_Shader\Branch.md"	"32"	"2"	"与其他概念的区别"
"TA-Encyclopedia\02_Shader\Branch.md"	"39"	"2"	"常见误区"
"TA-Encyclopedia\02_Shader\Branch.md"	"45"	"2"	"相关条目"
"TA-Encyclopedia\02_Shader\Branch.md"	"51"	"2"	"参考来源"
"TA-Encyclopedia\02_Shader\Clip Space.md"	"14"	"1"	"Clip Space"
"TA-Encyclopedia\02_Shader\Clip Space.md"	"16"	"2"	"定义与解释"
"TA-Encyclopedia\02_Shader\Clip Space.md"	"20"	"2"	"核心原理"
"TA-Encyclopedia\02_Shader\Clip Space.md"	"26"	"2"	"用途"
"TA-Encyclopedia\02_Shader\Clip Space.md"	"32"	"2"	"与其他概念的区别"
"TA-Encyclopedia\02_Shader\Clip Space.md"	"39"	"2"	"常见误区"
"TA-Encyclopedia\02_Shader\Clip Space.md"	"45"	"2"	"相关条目"
"TA-Encyclopedia\02_Shader\Clip Space.md"	"51"	"2"	"参考来源"
"TA-Encyclopedia\02_Shader\Dissolve.md"	"14"	"1"	"Dissolve"
"TA-Encyclopedia\02_Shader\Dissolve.md"	"16"	"2"	"定义与解释"
"TA-Encyclopedia\02_Shader\Dissolve.md"	"20"	"2"	"核心原理"
"TA-Encyclopedia\02_Shader\Dissolve.md"	"26"	"2"	"用途"
"TA-Encyclopedia\02_Shader\Dissolve.md"	"32"	"2"	"与其他概念的区别"
"TA-Encyclopedia\02_Shader\Dissolve.md"	"39"	"2"	"常见误区"
"TA-Encyclopedia\02_Shader\Dissolve.md"	"45"	"2"	"相关条目"
"TA-Encyclopedia\02_Shader\Dissolve.md"	"51"	"2"	"参考来源"
"TA-Encyclopedia\02_Shader\GLSL.md"	"13"	"1"	"GLSL"
"TA-Encyclopedia\02_Shader\GLSL.md"	"15"	"2"	"定义与解释"
"TA-Encyclopedia\02_Shader\GLSL.md"	"19"	"2"	"核心原理"
"TA-Encyclopedia\02_Shader\GLSL.md"	"25"	"2"	"用途"
"TA-Encyclopedia\02_Shader\GLSL.md"	"31"	"2"	"与其他概念的区别"
"TA-Encyclopedia\02_Shader\GLSL.md"	"38"	"2"	"常见误区"
"TA-Encyclopedia\02_Shader\GLSL.md"	"44"	"2"	"相关条目"
"TA-Encyclopedia\02_Shader\GLSL.md"	"50"	"2"	"参考来源"
"TA-Encyclopedia\02_Shader\GPU Instancing.md"	"14"	"1"	"GPU Instancing"
"TA-Encyclopedia\02_Shader\GPU Instancing.md"	"16"	"2"	"定义与解释"
"TA-Encyclopedia\02_Shader\GPU Instancing.md"	"20"	"2"	"核心原理"
"TA-Encyclopedia\02_Shader\GPU Instancing.md"	"26"	"2"	"用途"
"TA-Encyclopedia\02_Shader\GPU Instancing.md"	"32"	"2"	"与其他概念的区别"
"TA-Encyclopedia\02_Shader\GPU Instancing.md"	"39"	"2"	"常见误区"
"TA-Encyclopedia\02_Shader\GPU Instancing.md"	"45"	"2"	"相关条目"
"TA-Encyclopedia\02_Shader\GPU Instancing.md"	"51"	"2"	"参考来源"
"TA-Encyclopedia\02_Shader\HLSL.md"	"13"	"1"	"HLSL"
"TA-Encyclopedia\02_Shader\HLSL.md"	"15"	"2"	"定义与解释"
"TA-Encyclopedia\02_Shader\HLSL.md"	"19"	"2"	"核心原理"
"TA-Encyclopedia\02_Shader\HLSL.md"	"25"	"2"	"用途"
"TA-Encyclopedia\02_Shader\HLSL.md"	"31"	"2"	"与其他概念的区别"
"TA-Encyclopedia\02_Shader\HLSL.md"	"38"	"2"	"常见误区"
"TA-Encyclopedia\02_Shader\HLSL.md"	"44"	"2"	"相关条目"
"TA-Encyclopedia\02_Shader\HLSL.md"	"50"	"2"	"参考来源"
"TA-Encyclopedia\02_Shader\Keyword.md"	"14"	"1"	"Keyword"
"TA-Encyclopedia\02_Shader\Keyword.md"	"16"	"2"	"定义与解释"
"TA-Encyclopedia\02_Shader\Keyword.md"	"20"	"2"	"核心原理"
"TA-Encyclopedia\02_Shader\Keyword.md"	"26"	"2"	"用途"
"TA-Encyclopedia\02_Shader\Keyword.md"	"32"	"2"	"与其他概念的区别"
"TA-Encyclopedia\02_Shader\Keyword.md"	"39"	"2"	"常见误区"
"TA-Encyclopedia\02_Shader\Keyword.md"	"45"	"2"	"相关条目"
"TA-Encyclopedia\02_Shader\Keyword.md"	"51"	"2"	"参考来源"
"TA-Encyclopedia\02_Shader\Material Graph.md"	"14"	"1"	"Material Graph"
"TA-Encyclopedia\02_Shader\Material Graph.md"	"16"	"2"	"定义与解释"
"TA-Encyclopedia\02_Shader\Material Graph.md"	"20"	"2"	"核心原理"
"TA-Encyclopedia\02_Shader\Material Graph.md"	"26"	"2"	"用途"
"TA-Encyclopedia\02_Shader\Material Graph.md"	"32"	"2"	"与其他概念的区别"
"TA-Encyclopedia\02_Shader\Material Graph.md"	"39"	"2"	"常见误区"
"TA-Encyclopedia\02_Shader\Material Graph.md"	"45"	"2"	"相关条目"
"TA-Encyclopedia\02_Shader\Material Graph.md"	"51"	"2"	"参考来源"
"TA-Encyclopedia\02_Shader\Mipmap.md"	"14"	"1"	"Mipmap"
"TA-Encyclopedia\02_Shader\Mipmap.md"	"16"	"2"	"定义与解释"
"TA-Encyclopedia\02_Shader\Mipmap.md"	"20"	"2"	"核心原理"
"TA-Encyclopedia\02_Shader\Mipmap.md"	"26"	"2"	"用途"
"TA-Encyclopedia\02_Shader\Mipmap.md"	"32"	"2"	"与其他概念的区别"
"TA-Encyclopedia\02_Shader\Mipmap.md"	"39"	"2"	"常见误区"
"TA-Encyclopedia\02_Shader\Mipmap.md"	"45"	"2"	"相关条目"
"TA-Encyclopedia\02_Shader\Mipmap.md"	"51"	"2"	"参考来源"
"TA-Encyclopedia\02_Shader\Normal Map.md"	"14"	"1"	"Normal Map"
"TA-Encyclopedia\02_Shader\Normal Map.md"	"16"	"2"	"定义与解释"
"TA-Encyclopedia\02_Shader\Normal Map.md"	"20"	"2"	"核心原理"
"TA-Encyclopedia\02_Shader\Normal Map.md"	"26"	"2"	"用途"
"TA-Encyclopedia\02_Shader\Normal Map.md"	"32"	"2"	"与其他概念的区别"
"TA-Encyclopedia\02_Shader\Normal Map.md"	"39"	"2"	"常见误区"
"TA-Encyclopedia\02_Shader\Normal Map.md"	"45"	"2"	"相关条目"
"TA-Encyclopedia\02_Shader\Normal Map.md"	"51"	"2"	"参考来源"
"TA-Encyclopedia\02_Shader\Object Space.md"	"15"	"1"	"Object Space"
"TA-Encyclopedia\02_Shader\Object Space.md"	"17"	"2"	"定义与解释"
"TA-Encyclopedia\02_Shader\Object Space.md"	"21"	"2"	"核心原理"
"TA-Encyclopedia\02_Shader\Object Space.md"	"27"	"2"	"用途"
"TA-Encyclopedia\02_Shader\Object Space.md"	"33"	"2"	"与其他概念的区别"
"TA-Encyclopedia\02_Shader\Object Space.md"	"40"	"2"	"常见误区"
"TA-Encyclopedia\02_Shader\Object Space.md"	"46"	"2"	"相关条目"
"TA-Encyclopedia\02_Shader\Object Space.md"	"52"	"2"	"参考来源"
"TA-Encyclopedia\02_Shader\Precision.md"	"14"	"1"	"Precision"
"TA-Encyclopedia\02_Shader\Precision.md"	"16"	"2"	"定义与解释"
"TA-Encyclopedia\02_Shader\Precision.md"	"20"	"2"	"核心原理"
"TA-Encyclopedia\02_Shader\Precision.md"	"26"	"2"	"用途"
"TA-Encyclopedia\02_Shader\Precision.md"	"32"	"2"	"与其他概念的区别"
"TA-Encyclopedia\02_Shader\Precision.md"	"39"	"2"	"常见误区"
"TA-Encyclopedia\02_Shader\Precision.md"	"45"	"2"	"相关条目"
"TA-Encyclopedia\02_Shader\Precision.md"	"51"	"2"	"参考来源"
"TA-Encyclopedia\02_Shader\README.md"	"12"	"1"	"02_Shader"
"TA-Encyclopedia\02_Shader\README.md"	"16"	"2"	"推荐阅读顺序"
"TA-Encyclopedia\02_Shader\README.md"	"30"	"2"	"Shader 基础"
"TA-Encyclopedia\02_Shader\README.md"	"41"	"2"	"坐标空间"
"TA-Encyclopedia\02_Shader\README.md"	"48"	"2"	"常见效果"
"TA-Encyclopedia\02_Shader\README.md"	"53"	"2"	"Shader 优化"
"TA-Encyclopedia\02_Shader\Screen Space.md"	"14"	"1"	"Screen Space"
"TA-Encyclopedia\02_Shader\Screen Space.md"	"16"	"2"	"定义与解释"
"TA-Encyclopedia\02_Shader\Screen Space.md"	"20"	"2"	"核心原理"
"TA-Encyclopedia\02_Shader\Screen Space.md"	"26"	"2"	"用途"
"TA-Encyclopedia\02_Shader\Screen Space.md"	"32"	"2"	"与其他概念的区别"
"TA-Encyclopedia\02_Shader\Screen Space.md"	"39"	"2"	"常见误区"
"TA-Encyclopedia\02_Shader\Screen Space.md"	"45"	"2"	"相关条目"
"TA-Encyclopedia\02_Shader\Screen Space.md"	"51"	"2"	"参考来源"
"TA-Encyclopedia\02_Shader\SDF.md"	"15"	"1"	"SDF"
"TA-Encyclopedia\02_Shader\SDF.md"	"17"	"2"	"定义与解释"
"TA-Encyclopedia\02_Shader\SDF.md"	"21"	"2"	"核心原理"
"TA-Encyclopedia\02_Shader\SDF.md"	"27"	"2"	"用途"
"TA-Encyclopedia\02_Shader\SDF.md"	"33"	"2"	"与其他概念的区别"
"TA-Encyclopedia\02_Shader\SDF.md"	"40"	"2"	"常见误区"
"TA-Encyclopedia\02_Shader\SDF.md"	"46"	"2"	"相关条目"
"TA-Encyclopedia\02_Shader\SDF.md"	"52"	"2"	"参考来源"
"TA-Encyclopedia\02_Shader\Shader Variant.md"	"14"	"1"	"Shader Variant"
"TA-Encyclopedia\02_Shader\Shader Variant.md"	"16"	"2"	"定义与解释"
"TA-Encyclopedia\02_Shader\Shader Variant.md"	"20"	"2"	"核心原理"
"TA-Encyclopedia\02_Shader\Shader Variant.md"	"26"	"2"	"用途"
"TA-Encyclopedia\02_Shader\Shader Variant.md"	"32"	"2"	"与其他概念的区别"
"TA-Encyclopedia\02_Shader\Shader Variant.md"	"39"	"2"	"常见误区"
"TA-Encyclopedia\02_Shader\Shader Variant.md"	"45"	"2"	"相关条目"
"TA-Encyclopedia\02_Shader\Shader Variant.md"	"51"	"2"	"参考来源"
"TA-Encyclopedia\02_Shader\Shader_Graph.md"	"13"	"1"	"Shader Graph"
"TA-Encyclopedia\02_Shader\Shader_Graph.md"	"15"	"2"	"定义与解释"
"TA-Encyclopedia\02_Shader\Shader_Graph.md"	"19"	"2"	"核心原理"
"TA-Encyclopedia\02_Shader\Shader_Graph.md"	"25"	"2"	"用途"
"TA-Encyclopedia\02_Shader\Shader_Graph.md"	"31"	"2"	"与其他概念的区别"
"TA-Encyclopedia\02_Shader\Shader_Graph.md"	"38"	"2"	"常见误区"
"TA-Encyclopedia\02_Shader\Shader_Graph.md"	"44"	"2"	"相关条目"
"TA-Encyclopedia\02_Shader\Shader_Graph.md"	"50"	"2"	"参考来源"
"TA-Encyclopedia\02_Shader\Shader基础.md"	"13"	"1"	"Shader基础"
"TA-Encyclopedia\02_Shader\Shader基础.md"	"15"	"2"	"定义与解释"
"TA-Encyclopedia\02_Shader\Shader基础.md"	"19"	"2"	"基础主题"
"TA-Encyclopedia\02_Shader\Shader基础.md"	"27"	"2"	"核心原理"
"TA-Encyclopedia\02_Shader\Shader基础.md"	"33"	"2"	"用途"
"TA-Encyclopedia\02_Shader\Shader基础.md"	"39"	"2"	"与其他概念的区别"
"TA-Encyclopedia\02_Shader\Shader基础.md"	"46"	"2"	"常见误区"
"TA-Encyclopedia\02_Shader\Shader基础.md"	"52"	"2"	"相关条目"
"TA-Encyclopedia\02_Shader\Shader基础.md"	"59"	"2"	"参考来源"
"TA-Encyclopedia\02_Shader\Tangent Space.md"	"14"	"1"	"Tangent Space"
"TA-Encyclopedia\02_Shader\Tangent Space.md"	"16"	"2"	"定义与解释"
"TA-Encyclopedia\02_Shader\Tangent Space.md"	"20"	"2"	"核心原理"
"TA-Encyclopedia\02_Shader\Tangent Space.md"	"26"	"2"	"用途"
"TA-Encyclopedia\02_Shader\Tangent Space.md"	"32"	"2"	"与其他概念的区别"
"TA-Encyclopedia\02_Shader\Tangent Space.md"	"39"	"2"	"常见误区"
"TA-Encyclopedia\02_Shader\Tangent Space.md"	"45"	"2"	"相关条目"
"TA-Encyclopedia\02_Shader\Tangent Space.md"	"51"	"2"	"参考来源"
"TA-Encyclopedia\02_Shader\Texture Sampling.md"	"14"	"1"	"Texture Sampling"
"TA-Encyclopedia\02_Shader\Texture Sampling.md"	"16"	"2"	"定义与解释"
"TA-Encyclopedia\02_Shader\Texture Sampling.md"	"20"	"2"	"核心原理"
"TA-Encyclopedia\02_Shader\Texture Sampling.md"	"26"	"2"	"用途"
"TA-Encyclopedia\02_Shader\Texture Sampling.md"	"32"	"2"	"与其他概念的区别"
"TA-Encyclopedia\02_Shader\Texture Sampling.md"	"39"	"2"	"常见误区"
"TA-Encyclopedia\02_Shader\Texture Sampling.md"	"45"	"2"	"相关条目"
"TA-Encyclopedia\02_Shader\Texture Sampling.md"	"51"	"2"	"参考来源"
"TA-Encyclopedia\02_Shader\UV与贴图采样.md"	"13"	"1"	"UV与贴图采样"
"TA-Encyclopedia\02_Shader\UV与贴图采样.md"	"15"	"2"	"定义与解释"
"TA-Encyclopedia\02_Shader\UV与贴图采样.md"	"19"	"2"	"核心原理"
"TA-Encyclopedia\02_Shader\UV与贴图采样.md"	"25"	"2"	"用途"
"TA-Encyclopedia\02_Shader\UV与贴图采样.md"	"31"	"2"	"与其他概念的区别"
"TA-Encyclopedia\02_Shader\UV与贴图采样.md"	"38"	"2"	"常见误区"
"TA-Encyclopedia\02_Shader\UV与贴图采样.md"	"44"	"2"	"相关条目"
"TA-Encyclopedia\02_Shader\UV与贴图采样.md"	"50"	"2"	"参考来源"
"TA-Encyclopedia\02_Shader\View Space.md"	"15"	"1"	"View Space"
"TA-Encyclopedia\02_Shader\View Space.md"	"17"	"2"	"定义与解释"
"TA-Encyclopedia\02_Shader\View Space.md"	"21"	"2"	"核心原理"
"TA-Encyclopedia\02_Shader\View Space.md"	"27"	"2"	"用途"
"TA-Encyclopedia\02_Shader\View Space.md"	"33"	"2"	"与其他概念的区别"
"TA-Encyclopedia\02_Shader\View Space.md"	"40"	"2"	"常见误区"
"TA-Encyclopedia\02_Shader\View Space.md"	"46"	"2"	"相关条目"
"TA-Encyclopedia\02_Shader\View Space.md"	"52"	"2"	"参考来源"
"TA-Encyclopedia\02_Shader\World Space.md"	"14"	"1"	"World Space"
"TA-Encyclopedia\02_Shader\World Space.md"	"16"	"2"	"定义与解释"
"TA-Encyclopedia\02_Shader\World Space.md"	"20"	"2"	"核心原理"
"TA-Encyclopedia\02_Shader\World Space.md"	"26"	"2"	"用途"
"TA-Encyclopedia\02_Shader\World Space.md"	"32"	"2"	"与其他概念的区别"
"TA-Encyclopedia\02_Shader\World Space.md"	"39"	"2"	"常见误区"
"TA-Encyclopedia\02_Shader\World Space.md"	"45"	"2"	"相关条目"
"TA-Encyclopedia\02_Shader\World Space.md"	"51"	"2"	"参考来源"
"TA-Encyclopedia\03_Tools_Pipeline\目录规范.md"	"14"	"1"	"目录规范"
"TA-Encyclopedia\03_Tools_Pipeline\目录规范.md"	"16"	"2"	"定义与解释"
"TA-Encyclopedia\03_Tools_Pipeline\目录规范.md"	"20"	"2"	"核心原理"
"TA-Encyclopedia\03_Tools_Pipeline\目录规范.md"	"26"	"2"	"用途"
"TA-Encyclopedia\03_Tools_Pipeline\目录规范.md"	"32"	"2"	"与其他概念的区别"
"TA-Encyclopedia\03_Tools_Pipeline\目录规范.md"	"39"	"2"	"常见误区"
"TA-Encyclopedia\03_Tools_Pipeline\目录规范.md"	"45"	"2"	"相关条目"
"TA-Encyclopedia\03_Tools_Pipeline\目录规范.md"	"51"	"2"	"参考来源"
"TA-Encyclopedia\03_Tools_Pipeline\批量重命名工具.md"	"14"	"1"	"批量重命名工具"
"TA-Encyclopedia\03_Tools_Pipeline\批量重命名工具.md"	"16"	"2"	"定义与解释"
"TA-Encyclopedia\03_Tools_Pipeline\批量重命名工具.md"	"20"	"2"	"核心原理"
"TA-Encyclopedia\03_Tools_Pipeline\批量重命名工具.md"	"26"	"2"	"用途"
"TA-Encyclopedia\03_Tools_Pipeline\批量重命名工具.md"	"32"	"2"	"与其他概念的区别"
"TA-Encyclopedia\03_Tools_Pipeline\批量重命名工具.md"	"39"	"2"	"常见误区"
"TA-Encyclopedia\03_Tools_Pipeline\批量重命名工具.md"	"45"	"2"	"相关条目"
"TA-Encyclopedia\03_Tools_Pipeline\批量重命名工具.md"	"51"	"2"	"参考来源"
"TA-Encyclopedia\03_Tools_Pipeline\资源检查工具.md"	"14"	"1"	"资源检查工具"
"TA-Encyclopedia\03_Tools_Pipeline\资源检查工具.md"	"16"	"2"	"定义与解释"
"TA-Encyclopedia\03_Tools_Pipeline\资源检查工具.md"	"20"	"2"	"核心原理"
"TA-Encyclopedia\03_Tools_Pipeline\资源检查工具.md"	"26"	"2"	"用途"
"TA-Encyclopedia\03_Tools_Pipeline\资源检查工具.md"	"32"	"2"	"与其他概念的区别"
"TA-Encyclopedia\03_Tools_Pipeline\资源检查工具.md"	"39"	"2"	"常见误区"
"TA-Encyclopedia\03_Tools_Pipeline\资源检查工具.md"	"45"	"2"	"相关条目"
"TA-Encyclopedia\03_Tools_Pipeline\资源检查工具.md"	"52"	"2"	"参考来源"
"TA-Encyclopedia\03_Tools_Pipeline\自动化导出工具.md"	"14"	"1"	"自动化导出工具"
"TA-Encyclopedia\03_Tools_Pipeline\自动化导出工具.md"	"16"	"2"	"定义与解释"
"TA-Encyclopedia\03_Tools_Pipeline\自动化导出工具.md"	"20"	"2"	"核心原理"
"TA-Encyclopedia\03_Tools_Pipeline\自动化导出工具.md"	"26"	"2"	"用途"
"TA-Encyclopedia\03_Tools_Pipeline\自动化导出工具.md"	"32"	"2"	"与其他概念的区别"
"TA-Encyclopedia\03_Tools_Pipeline\自动化导出工具.md"	"39"	"2"	"常见误区"
"TA-Encyclopedia\03_Tools_Pipeline\自动化导出工具.md"	"45"	"2"	"相关条目"
"TA-Encyclopedia\03_Tools_Pipeline\自动化导出工具.md"	"52"	"2"	"参考来源"
"TA-Encyclopedia\03_Tools_Pipeline\Blender Python.md"	"13"	"1"	"Blender Python"
"TA-Encyclopedia\03_Tools_Pipeline\Blender Python.md"	"15"	"2"	"定义与解释"
"TA-Encyclopedia\03_Tools_Pipeline\Blender Python.md"	"19"	"2"	"核心原理"
"TA-Encyclopedia\03_Tools_Pipeline\Blender Python.md"	"25"	"2"	"用途"
"TA-Encyclopedia\03_Tools_Pipeline\Blender Python.md"	"31"	"2"	"与其他概念的区别"
"TA-Encyclopedia\03_Tools_Pipeline\Blender Python.md"	"38"	"2"	"常见误区"
"TA-Encyclopedia\03_Tools_Pipeline\Blender Python.md"	"44"	"2"	"相关条目"
"TA-Encyclopedia\03_Tools_Pipeline\Blender Python.md"	"50"	"2"	"参考来源"
"TA-Encyclopedia\03_Tools_Pipeline\Blender.md"	"13"	"1"	"Blender"
"TA-Encyclopedia\03_Tools_Pipeline\Blender.md"	"15"	"2"	"定义与解释"
"TA-Encyclopedia\03_Tools_Pipeline\Blender.md"	"19"	"2"	"核心原理"
"TA-Encyclopedia\03_Tools_Pipeline\Blender.md"	"25"	"2"	"用途"
"TA-Encyclopedia\03_Tools_Pipeline\Blender.md"	"31"	"2"	"与其他概念的区别"
"TA-Encyclopedia\03_Tools_Pipeline\Blender.md"	"38"	"2"	"常见误区"
"TA-Encyclopedia\03_Tools_Pipeline\Blender.md"	"44"	"2"	"相关条目"
"TA-Encyclopedia\03_Tools_Pipeline\Blender.md"	"50"	"2"	"参考来源"
"TA-Encyclopedia\03_Tools_Pipeline\CI_CD for Game Assets.md"	"15"	"1"	"CI/CD for Game Assets"
"TA-Encyclopedia\03_Tools_Pipeline\CI_CD for Game Assets.md"	"17"	"2"	"定义与解释"
"TA-Encyclopedia\03_Tools_Pipeline\CI_CD for Game Assets.md"	"21"	"2"	"核心原理"
"TA-Encyclopedia\03_Tools_Pipeline\CI_CD for Game Assets.md"	"27"	"2"	"用途"
"TA-Encyclopedia\03_Tools_Pipeline\CI_CD for Game Assets.md"	"33"	"2"	"与其他概念的区别"
"TA-Encyclopedia\03_Tools_Pipeline\CI_CD for Game Assets.md"	"40"	"2"	"常见误区"
"TA-Encyclopedia\03_Tools_Pipeline\CI_CD for Game Assets.md"	"46"	"2"	"相关条目"
"TA-Encyclopedia\03_Tools_Pipeline\CI_CD for Game Assets.md"	"52"	"2"	"参考来源"
"TA-Encyclopedia\03_Tools_Pipeline\DCC工具链.md"	"13"	"1"	"DCC工具链"
"TA-Encyclopedia\03_Tools_Pipeline\DCC工具链.md"	"15"	"2"	"定义与解释"
"TA-Encyclopedia\03_Tools_Pipeline\DCC工具链.md"	"19"	"2"	"核心原理"
"TA-Encyclopedia\03_Tools_Pipeline\DCC工具链.md"	"25"	"2"	"用途"
"TA-Encyclopedia\03_Tools_Pipeline\DCC工具链.md"	"31"	"2"	"与其他概念的区别"
"TA-Encyclopedia\03_Tools_Pipeline\DCC工具链.md"	"39"	"2"	"常见误区"
"TA-Encyclopedia\03_Tools_Pipeline\DCC工具链.md"	"45"	"2"	"相关条目"
"TA-Encyclopedia\03_Tools_Pipeline\DCC工具链.md"	"53"	"2"	"参考来源"
"TA-Encyclopedia\03_Tools_Pipeline\FBX 导出规范.md"	"14"	"1"	"FBX 导出规范"
"TA-Encyclopedia\03_Tools_Pipeline\FBX 导出规范.md"	"16"	"2"	"定义与解释"
"TA-Encyclopedia\03_Tools_Pipeline\FBX 导出规范.md"	"20"	"2"	"核心原理"
"TA-Encyclopedia\03_Tools_Pipeline\FBX 导出规范.md"	"26"	"2"	"用途"
"TA-Encyclopedia\03_Tools_Pipeline\FBX 导出规范.md"	"32"	"2"	"与其他概念的区别"
"TA-Encyclopedia\03_Tools_Pipeline\FBX 导出规范.md"	"39"	"2"	"常见误区"
"TA-Encyclopedia\03_Tools_Pipeline\FBX 导出规范.md"	"45"	"2"	"相关条目"
"TA-Encyclopedia\03_Tools_Pipeline\FBX 导出规范.md"	"52"	"2"	"参考来源"
"TA-Encyclopedia\03_Tools_Pipeline\Git LFS.md"	"14"	"1"	"Git LFS"
"TA-Encyclopedia\03_Tools_Pipeline\Git LFS.md"	"16"	"2"	"定义与解释"
"TA-Encyclopedia\03_Tools_Pipeline\Git LFS.md"	"20"	"2"	"核心原理"
"TA-Encyclopedia\03_Tools_Pipeline\Git LFS.md"	"26"	"2"	"用途"
"TA-Encyclopedia\03_Tools_Pipeline\Git LFS.md"	"32"	"2"	"与其他概念的区别"
"TA-Encyclopedia\03_Tools_Pipeline\Git LFS.md"	"39"	"2"	"常见误区"
"TA-Encyclopedia\03_Tools_Pipeline\Git LFS.md"	"45"	"2"	"相关条目"
"TA-Encyclopedia\03_Tools_Pipeline\Git LFS.md"	"51"	"2"	"参考来源"
"TA-Encyclopedia\03_Tools_Pipeline\Houdini.md"	"13"	"1"	"Houdini"
"TA-Encyclopedia\03_Tools_Pipeline\Houdini.md"	"15"	"2"	"定义与解释"
"TA-Encyclopedia\03_Tools_Pipeline\Houdini.md"	"19"	"2"	"核心原理"
"TA-Encyclopedia\03_Tools_Pipeline\Houdini.md"	"25"	"2"	"用途"
"TA-Encyclopedia\03_Tools_Pipeline\Houdini.md"	"31"	"2"	"与其他概念的区别"
"TA-Encyclopedia\03_Tools_Pipeline\Houdini.md"	"38"	"2"	"常见误区"
"TA-Encyclopedia\03_Tools_Pipeline\Houdini.md"	"44"	"2"	"相关条目"
"TA-Encyclopedia\03_Tools_Pipeline\Houdini.md"	"50"	"2"	"参考来源"
"TA-Encyclopedia\03_Tools_Pipeline\Maya Python.md"	"13"	"1"	"Maya Python"
"TA-Encyclopedia\03_Tools_Pipeline\Maya Python.md"	"15"	"2"	"定义与解释"
"TA-Encyclopedia\03_Tools_Pipeline\Maya Python.md"	"19"	"2"	"核心原理"
"TA-Encyclopedia\03_Tools_Pipeline\Maya Python.md"	"25"	"2"	"用途"
"TA-Encyclopedia\03_Tools_Pipeline\Maya Python.md"	"31"	"2"	"与其他概念的区别"
"TA-Encyclopedia\03_Tools_Pipeline\Maya Python.md"	"38"	"2"	"常见误区"
"TA-Encyclopedia\03_Tools_Pipeline\Maya Python.md"	"44"	"2"	"相关条目"
"TA-Encyclopedia\03_Tools_Pipeline\Maya Python.md"	"50"	"2"	"参考来源"
"TA-Encyclopedia\03_Tools_Pipeline\Maya.md"	"13"	"1"	"Maya"
"TA-Encyclopedia\03_Tools_Pipeline\Maya.md"	"15"	"2"	"定义与解释"
"TA-Encyclopedia\03_Tools_Pipeline\Maya.md"	"19"	"2"	"核心原理"
"TA-Encyclopedia\03_Tools_Pipeline\Maya.md"	"25"	"2"	"用途"
"TA-Encyclopedia\03_Tools_Pipeline\Maya.md"	"31"	"2"	"与其他概念的区别"
"TA-Encyclopedia\03_Tools_Pipeline\Maya.md"	"38"	"2"	"常见误区"
"TA-Encyclopedia\03_Tools_Pipeline\Maya.md"	"44"	"2"	"相关条目"
"TA-Encyclopedia\03_Tools_Pipeline\Maya.md"	"50"	"2"	"参考来源"
"TA-Encyclopedia\03_Tools_Pipeline\Perforce.md"	"14"	"1"	"Perforce"
"TA-Encyclopedia\03_Tools_Pipeline\Perforce.md"	"16"	"2"	"定义与解释"
"TA-Encyclopedia\03_Tools_Pipeline\Perforce.md"	"20"	"2"	"核心原理"
"TA-Encyclopedia\03_Tools_Pipeline\Perforce.md"	"26"	"2"	"用途"
"TA-Encyclopedia\03_Tools_Pipeline\Perforce.md"	"32"	"2"	"与其他概念的区别"
"TA-Encyclopedia\03_Tools_Pipeline\Perforce.md"	"39"	"2"	"常见误区"
"TA-Encyclopedia\03_Tools_Pipeline\Perforce.md"	"45"	"2"	"相关条目"
"TA-Encyclopedia\03_Tools_Pipeline\Perforce.md"	"51"	"2"	"参考来源"
"TA-Encyclopedia\03_Tools_Pipeline\README.md"	"12"	"1"	"03_Tools_Pipeline"
"TA-Encyclopedia\03_Tools_Pipeline\README.md"	"16"	"2"	"DCC 工具链"
"TA-Encyclopedia\03_Tools_Pipeline\README.md"	"26"	"2"	"TA 工具开发"
"TA-Encyclopedia\03_Tools_Pipeline\README.md"	"36"	"2"	"Pipeline 管理"
"TA-Encyclopedia\03_Tools_Pipeline\Substance.md"	"13"	"1"	"Substance"
"TA-Encyclopedia\03_Tools_Pipeline\Substance.md"	"15"	"2"	"定义与解释"
"TA-Encyclopedia\03_Tools_Pipeline\Substance.md"	"19"	"2"	"核心原理"
"TA-Encyclopedia\03_Tools_Pipeline\Substance.md"	"25"	"2"	"用途"
"TA-Encyclopedia\03_Tools_Pipeline\Substance.md"	"31"	"2"	"与其他概念的区别"
"TA-Encyclopedia\03_Tools_Pipeline\Substance.md"	"38"	"2"	"常见误区"
"TA-Encyclopedia\03_Tools_Pipeline\Substance.md"	"44"	"2"	"相关条目"
"TA-Encyclopedia\03_Tools_Pipeline\Substance.md"	"50"	"2"	"参考来源"
"TA-Encyclopedia\03_Tools_Pipeline\Unity Editor Tool.md"	"14"	"1"	"Unity Editor Tool"
"TA-Encyclopedia\03_Tools_Pipeline\Unity Editor Tool.md"	"16"	"2"	"定义与解释"
"TA-Encyclopedia\03_Tools_Pipeline\Unity Editor Tool.md"	"20"	"2"	"核心原理"
"TA-Encyclopedia\03_Tools_Pipeline\Unity Editor Tool.md"	"26"	"2"	"用途"
"TA-Encyclopedia\03_Tools_Pipeline\Unity Editor Tool.md"	"32"	"2"	"与其他概念的区别"
"TA-Encyclopedia\03_Tools_Pipeline\Unity Editor Tool.md"	"39"	"2"	"常见误区"
"TA-Encyclopedia\03_Tools_Pipeline\Unity Editor Tool.md"	"45"	"2"	"相关条目"
"TA-Encyclopedia\03_Tools_Pipeline\Unity Editor Tool.md"	"51"	"2"	"参考来源"
"TA-Encyclopedia\03_Tools_Pipeline\Unity_TA管线.md"	"13"	"1"	"Unity_TA管线"
"TA-Encyclopedia\03_Tools_Pipeline\Unity_TA管线.md"	"15"	"2"	"定义与解释"
"TA-Encyclopedia\03_Tools_Pipeline\Unity_TA管线.md"	"19"	"2"	"核心原理"
"TA-Encyclopedia\03_Tools_Pipeline\Unity_TA管线.md"	"25"	"2"	"用途"
"TA-Encyclopedia\03_Tools_Pipeline\Unity_TA管线.md"	"31"	"2"	"与其他概念的区别"
"TA-Encyclopedia\03_Tools_Pipeline\Unity_TA管线.md"	"38"	"2"	"常见误区"
"TA-Encyclopedia\03_Tools_Pipeline\Unity_TA管线.md"	"44"	"2"	"相关条目"
"TA-Encyclopedia\03_Tools_Pipeline\Unity_TA管线.md"	"51"	"2"	"参考来源"
"TA-Encyclopedia\03_Tools_Pipeline\Unreal Python.md"	"13"	"1"	"Unreal Python"
"TA-Encyclopedia\03_Tools_Pipeline\Unreal Python.md"	"15"	"2"	"定义与解释"
"TA-Encyclopedia\03_Tools_Pipeline\Unreal Python.md"	"19"	"2"	"核心原理"
"TA-Encyclopedia\03_Tools_Pipeline\Unreal Python.md"	"25"	"2"	"用途"
"TA-Encyclopedia\03_Tools_Pipeline\Unreal Python.md"	"31"	"2"	"与其他概念的区别"
"TA-Encyclopedia\03_Tools_Pipeline\Unreal Python.md"	"38"	"2"	"常见误区"
"TA-Encyclopedia\03_Tools_Pipeline\Unreal Python.md"	"44"	"2"	"相关条目"
"TA-Encyclopedia\03_Tools_Pipeline\Unreal Python.md"	"50"	"2"	"参考来源"
"TA-Encyclopedia\03_Tools_Pipeline\Unreal_TA管线.md"	"13"	"1"	"Unreal_TA管线"
"TA-Encyclopedia\03_Tools_Pipeline\Unreal_TA管线.md"	"15"	"2"	"定义与解释"
"TA-Encyclopedia\03_Tools_Pipeline\Unreal_TA管线.md"	"19"	"2"	"核心原理"
"TA-Encyclopedia\03_Tools_Pipeline\Unreal_TA管线.md"	"25"	"2"	"用途"
"TA-Encyclopedia\03_Tools_Pipeline\Unreal_TA管线.md"	"31"	"2"	"与其他概念的区别"
"TA-Encyclopedia\03_Tools_Pipeline\Unreal_TA管线.md"	"38"	"2"	"常见误区"
"TA-Encyclopedia\03_Tools_Pipeline\Unreal_TA管线.md"	"44"	"2"	"相关条目"
"TA-Encyclopedia\03_Tools_Pipeline\Unreal_TA管线.md"	"51"	"2"	"参考来源"
"TA-Encyclopedia\03_Tools_Pipeline\USD.md"	"14"	"1"	"USD"
"TA-Encyclopedia\03_Tools_Pipeline\USD.md"	"16"	"2"	"定义与解释"
"TA-Encyclopedia\03_Tools_Pipeline\USD.md"	"22"	"2"	"核心原理"
"TA-Encyclopedia\03_Tools_Pipeline\USD.md"	"30"	"2"	"用途"
"TA-Encyclopedia\03_Tools_Pipeline\USD.md"	"38"	"2"	"与其他概念的区别"
"TA-Encyclopedia\03_Tools_Pipeline\USD.md"	"47"	"2"	"常见误区"
"TA-Encyclopedia\03_Tools_Pipeline\USD.md"	"54"	"2"	"相关条目"
"TA-Encyclopedia\03_Tools_Pipeline\USD.md"	"62"	"2"	"参考来源"
"TA-Encyclopedia\04_Engine\Addressables.md"	"13"	"1"	"Addressables"
"TA-Encyclopedia\04_Engine\Addressables.md"	"15"	"2"	"定义与解释"
"TA-Encyclopedia\04_Engine\Addressables.md"	"19"	"2"	"核心原理"
"TA-Encyclopedia\04_Engine\Addressables.md"	"25"	"2"	"用途"
"TA-Encyclopedia\04_Engine\Addressables.md"	"31"	"2"	"与其他概念的区别"
"TA-Encyclopedia\04_Engine\Addressables.md"	"38"	"2"	"常见误区"
"TA-Encyclopedia\04_Engine\Addressables.md"	"44"	"2"	"相关条目"
"TA-Encyclopedia\04_Engine\Addressables.md"	"50"	"2"	"参考来源"
"TA-Encyclopedia\04_Engine\AssetBundle.md"	"13"	"1"	"AssetBundle"
"TA-Encyclopedia\04_Engine\AssetBundle.md"	"15"	"2"	"定义与解释"
"TA-Encyclopedia\04_Engine\AssetBundle.md"	"19"	"2"	"核心原理"
"TA-Encyclopedia\04_Engine\AssetBundle.md"	"25"	"2"	"用途"
"TA-Encyclopedia\04_Engine\AssetBundle.md"	"31"	"2"	"与其他概念的区别"
"TA-Encyclopedia\04_Engine\AssetBundle.md"	"38"	"2"	"常见误区"
"TA-Encyclopedia\04_Engine\AssetBundle.md"	"44"	"2"	"相关条目"
"TA-Encyclopedia\04_Engine\AssetBundle.md"	"50"	"2"	"参考来源"
"TA-Encyclopedia\04_Engine\Blueprint.md"	"14"	"1"	"Blueprint"
"TA-Encyclopedia\04_Engine\Blueprint.md"	"16"	"2"	"定义与解释"
"TA-Encyclopedia\04_Engine\Blueprint.md"	"20"	"2"	"核心原理"
"TA-Encyclopedia\04_Engine\Blueprint.md"	"26"	"2"	"用途"
"TA-Encyclopedia\04_Engine\Blueprint.md"	"32"	"2"	"与其他概念的区别"
"TA-Encyclopedia\04_Engine\Blueprint.md"	"39"	"2"	"常见误区"
"TA-Encyclopedia\04_Engine\Blueprint.md"	"45"	"2"	"相关条目"
"TA-Encyclopedia\04_Engine\Blueprint.md"	"51"	"2"	"参考来源"
"TA-Encyclopedia\04_Engine\CommandBuffer.md"	"14"	"1"	"CommandBuffer"
"TA-Encyclopedia\04_Engine\CommandBuffer.md"	"16"	"2"	"定义与解释"
"TA-Encyclopedia\04_Engine\CommandBuffer.md"	"20"	"2"	"核心原理"
"TA-Encyclopedia\04_Engine\CommandBuffer.md"	"26"	"2"	"用途"
"TA-Encyclopedia\04_Engine\CommandBuffer.md"	"32"	"2"	"与其他概念的区别"
"TA-Encyclopedia\04_Engine\CommandBuffer.md"	"39"	"2"	"常见误区"
"TA-Encyclopedia\04_Engine\CommandBuffer.md"	"45"	"2"	"相关条目"
"TA-Encyclopedia\04_Engine\CommandBuffer.md"	"51"	"2"	"参考来源"
"TA-Encyclopedia\04_Engine\Custom Depth.md"	"14"	"1"	"Custom Depth"
"TA-Encyclopedia\04_Engine\Custom Depth.md"	"16"	"2"	"定义与解释"
"TA-Encyclopedia\04_Engine\Custom Depth.md"	"20"	"2"	"核心原理"
"TA-Encyclopedia\04_Engine\Custom Depth.md"	"26"	"2"	"用途"
"TA-Encyclopedia\04_Engine\Custom Depth.md"	"32"	"2"	"与其他概念的区别"
"TA-Encyclopedia\04_Engine\Custom Depth.md"	"39"	"2"	"常见误区"
"TA-Encyclopedia\04_Engine\Custom Depth.md"	"45"	"2"	"相关条目"
"TA-Encyclopedia\04_Engine\Custom Depth.md"	"51"	"2"	"参考来源"
"TA-Encyclopedia\04_Engine\Editor Utility Widget.md"	"14"	"1"	"Editor Utility Widget"
"TA-Encyclopedia\04_Engine\Editor Utility Widget.md"	"16"	"2"	"定义与解释"
"TA-Encyclopedia\04_Engine\Editor Utility Widget.md"	"20"	"2"	"核心原理"
"TA-Encyclopedia\04_Engine\Editor Utility Widget.md"	"26"	"2"	"用途"
"TA-Encyclopedia\04_Engine\Editor Utility Widget.md"	"32"	"2"	"与其他概念的区别"
"TA-Encyclopedia\04_Engine\Editor Utility Widget.md"	"39"	"2"	"常见误区"
"TA-Encyclopedia\04_Engine\Editor Utility Widget.md"	"45"	"2"	"相关条目"
"TA-Encyclopedia\04_Engine\Editor Utility Widget.md"	"51"	"2"	"参考来源"
"TA-Encyclopedia\04_Engine\HDRP.md"	"14"	"1"	"HDRP"
"TA-Encyclopedia\04_Engine\HDRP.md"	"16"	"2"	"定义与解释"
"TA-Encyclopedia\04_Engine\HDRP.md"	"20"	"2"	"核心原理"
"TA-Encyclopedia\04_Engine\HDRP.md"	"26"	"2"	"用途"
"TA-Encyclopedia\04_Engine\HDRP.md"	"32"	"2"	"与其他概念的区别"
"TA-Encyclopedia\04_Engine\HDRP.md"	"39"	"2"	"常见误区"
"TA-Encyclopedia\04_Engine\HDRP.md"	"45"	"2"	"相关条目"
"TA-Encyclopedia\04_Engine\HDRP.md"	"51"	"2"	"参考来源"
"TA-Encyclopedia\04_Engine\HybridCLR.md"	"13"	"1"	"HybridCLR"
"TA-Encyclopedia\04_Engine\HybridCLR.md"	"15"	"2"	"定义与解释"
"TA-Encyclopedia\04_Engine\HybridCLR.md"	"19"	"2"	"核心原理"
"TA-Encyclopedia\04_Engine\HybridCLR.md"	"25"	"2"	"用途"
"TA-Encyclopedia\04_Engine\HybridCLR.md"	"31"	"2"	"与其他概念的区别"
"TA-Encyclopedia\04_Engine\HybridCLR.md"	"38"	"2"	"常见误区"
"TA-Encyclopedia\04_Engine\HybridCLR.md"	"44"	"2"	"相关条目"
"TA-Encyclopedia\04_Engine\HybridCLR.md"	"50"	"2"	"参考来源"
"TA-Encyclopedia\04_Engine\Material Editor.md"	"14"	"1"	"Material Editor"
"TA-Encyclopedia\04_Engine\Material Editor.md"	"16"	"2"	"定义与解释"
"TA-Encyclopedia\04_Engine\Material Editor.md"	"20"	"2"	"核心原理"
"TA-Encyclopedia\04_Engine\Material Editor.md"	"26"	"2"	"用途"
"TA-Encyclopedia\04_Engine\Material Editor.md"	"32"	"2"	"与其他概念的区别"
"TA-Encyclopedia\04_Engine\Material Editor.md"	"39"	"2"	"常见误区"
"TA-Encyclopedia\04_Engine\Material Editor.md"	"45"	"2"	"相关条目"
"TA-Encyclopedia\04_Engine\Material Editor.md"	"51"	"2"	"参考来源"
"TA-Encyclopedia\04_Engine\Material Instance.md"	"14"	"1"	"Material Instance"
"TA-Encyclopedia\04_Engine\Material Instance.md"	"16"	"2"	"定义与解释"
"TA-Encyclopedia\04_Engine\Material Instance.md"	"20"	"2"	"核心原理"
"TA-Encyclopedia\04_Engine\Material Instance.md"	"26"	"2"	"用途"
"TA-Encyclopedia\04_Engine\Material Instance.md"	"32"	"2"	"与其他概念的区别"
"TA-Encyclopedia\04_Engine\Material Instance.md"	"39"	"2"	"常见误区"
"TA-Encyclopedia\04_Engine\Material Instance.md"	"45"	"2"	"相关条目"
"TA-Encyclopedia\04_Engine\Material Instance.md"	"51"	"2"	"参考来源"
"TA-Encyclopedia\04_Engine\MaterialPropertyBlock.md"	"14"	"1"	"MaterialPropertyBlock"
"TA-Encyclopedia\04_Engine\MaterialPropertyBlock.md"	"16"	"2"	"定义与解释"
"TA-Encyclopedia\04_Engine\MaterialPropertyBlock.md"	"20"	"2"	"核心原理"
"TA-Encyclopedia\04_Engine\MaterialPropertyBlock.md"	"26"	"2"	"用途"
"TA-Encyclopedia\04_Engine\MaterialPropertyBlock.md"	"32"	"2"	"与其他概念的区别"
"TA-Encyclopedia\04_Engine\MaterialPropertyBlock.md"	"39"	"2"	"常见误区"
"TA-Encyclopedia\04_Engine\MaterialPropertyBlock.md"	"45"	"2"	"相关条目"
"TA-Encyclopedia\04_Engine\MaterialPropertyBlock.md"	"51"	"2"	"参考来源"
"TA-Encyclopedia\04_Engine\Niagara.md"	"13"	"1"	"Niagara"
"TA-Encyclopedia\04_Engine\Niagara.md"	"15"	"2"	"定义与解释"
"TA-Encyclopedia\04_Engine\Niagara.md"	"19"	"2"	"核心原理"
"TA-Encyclopedia\04_Engine\Niagara.md"	"25"	"2"	"用途"
"TA-Encyclopedia\04_Engine\Niagara.md"	"31"	"2"	"与其他概念的区别"
"TA-Encyclopedia\04_Engine\Niagara.md"	"38"	"2"	"常见误区"
"TA-Encyclopedia\04_Engine\Niagara.md"	"44"	"2"	"相关条目"
"TA-Encyclopedia\04_Engine\Niagara.md"	"50"	"2"	"参考来源"
"TA-Encyclopedia\04_Engine\Post Process Material.md"	"14"	"1"	"Post Process Material"
"TA-Encyclopedia\04_Engine\Post Process Material.md"	"16"	"2"	"定义与解释"
"TA-Encyclopedia\04_Engine\Post Process Material.md"	"20"	"2"	"核心原理"
"TA-Encyclopedia\04_Engine\Post Process Material.md"	"26"	"2"	"用途"
"TA-Encyclopedia\04_Engine\Post Process Material.md"	"32"	"2"	"与其他概念的区别"
"TA-Encyclopedia\04_Engine\Post Process Material.md"	"39"	"2"	"常见误区"
"TA-Encyclopedia\04_Engine\Post Process Material.md"	"45"	"2"	"相关条目"
"TA-Encyclopedia\04_Engine\Post Process Material.md"	"51"	"2"	"参考来源"
"TA-Encyclopedia\04_Engine\README.md"	"12"	"1"	"04_Engine"
"TA-Encyclopedia\04_Engine\README.md"	"16"	"2"	"Unity"
"TA-Encyclopedia\04_Engine\README.md"	"32"	"2"	"Unreal Engine"
"TA-Encyclopedia\04_Engine\RenderTexture.md"	"14"	"1"	"RenderTexture"
"TA-Encyclopedia\04_Engine\RenderTexture.md"	"16"	"2"	"定义与解释"
"TA-Encyclopedia\04_Engine\RenderTexture.md"	"20"	"2"	"核心原理"
"TA-Encyclopedia\04_Engine\RenderTexture.md"	"26"	"2"	"用途"
"TA-Encyclopedia\04_Engine\RenderTexture.md"	"32"	"2"	"与其他概念的区别"
"TA-Encyclopedia\04_Engine\RenderTexture.md"	"39"	"2"	"常见误区"
"TA-Encyclopedia\04_Engine\RenderTexture.md"	"45"	"2"	"相关条目"
"TA-Encyclopedia\04_Engine\RenderTexture.md"	"51"	"2"	"参考来源"
"TA-Encyclopedia\04_Engine\ScriptableRendererFeature.md"	"14"	"1"	"ScriptableRendererFeature"
"TA-Encyclopedia\04_Engine\ScriptableRendererFeature.md"	"16"	"2"	"定义与解释"
"TA-Encyclopedia\04_Engine\ScriptableRendererFeature.md"	"20"	"2"	"核心原理"
"TA-Encyclopedia\04_Engine\ScriptableRendererFeature.md"	"26"	"2"	"用途"
"TA-Encyclopedia\04_Engine\ScriptableRendererFeature.md"	"32"	"2"	"与其他概念的区别"
"TA-Encyclopedia\04_Engine\ScriptableRendererFeature.md"	"39"	"2"	"常见误区"
"TA-Encyclopedia\04_Engine\ScriptableRendererFeature.md"	"45"	"2"	"相关条目"
"TA-Encyclopedia\04_Engine\ScriptableRendererFeature.md"	"51"	"2"	"参考来源"
"TA-Encyclopedia\04_Engine\SRP Batcher.md"	"14"	"1"	"SRP Batcher"
"TA-Encyclopedia\04_Engine\SRP Batcher.md"	"16"	"2"	"定义与解释"
"TA-Encyclopedia\04_Engine\SRP Batcher.md"	"20"	"2"	"核心原理"
"TA-Encyclopedia\04_Engine\SRP Batcher.md"	"26"	"2"	"用途"
"TA-Encyclopedia\04_Engine\SRP Batcher.md"	"32"	"2"	"与其他概念的区别"
"TA-Encyclopedia\04_Engine\SRP Batcher.md"	"39"	"2"	"常见误区"
"TA-Encyclopedia\04_Engine\SRP Batcher.md"	"45"	"2"	"相关条目"
"TA-Encyclopedia\04_Engine\SRP Batcher.md"	"51"	"2"	"参考来源"
"TA-Encyclopedia\04_Engine\SRP.md"	"14"	"1"	"SRP"
"TA-Encyclopedia\04_Engine\SRP.md"	"16"	"2"	"定义与解释"
"TA-Encyclopedia\04_Engine\SRP.md"	"20"	"2"	"核心原理"
"TA-Encyclopedia\04_Engine\SRP.md"	"26"	"2"	"用途"
"TA-Encyclopedia\04_Engine\SRP.md"	"32"	"2"	"与其他概念的区别"
"TA-Encyclopedia\04_Engine\SRP.md"	"39"	"2"	"常见误区"
"TA-Encyclopedia\04_Engine\SRP.md"	"45"	"2"	"相关条目"
"TA-Encyclopedia\04_Engine\SRP.md"	"51"	"2"	"参考来源"
"TA-Encyclopedia\04_Engine\Unity.md"	"13"	"1"	"Unity"
"TA-Encyclopedia\04_Engine\Unity.md"	"15"	"2"	"定义与解释"
"TA-Encyclopedia\04_Engine\Unity.md"	"19"	"2"	"核心原理"
"TA-Encyclopedia\04_Engine\Unity.md"	"25"	"2"	"用途"
"TA-Encyclopedia\04_Engine\Unity.md"	"31"	"2"	"与其他概念的区别"
"TA-Encyclopedia\04_Engine\Unity.md"	"38"	"2"	"常见误区"
"TA-Encyclopedia\04_Engine\Unity.md"	"44"	"2"	"相关条目"
"TA-Encyclopedia\04_Engine\Unity.md"	"51"	"2"	"参考来源"
"TA-Encyclopedia\04_Engine\Unreal_Engine.md"	"13"	"1"	"Unreal Engine"
"TA-Encyclopedia\04_Engine\Unreal_Engine.md"	"15"	"2"	"定义与解释"
"TA-Encyclopedia\04_Engine\Unreal_Engine.md"	"19"	"2"	"核心原理"
"TA-Encyclopedia\04_Engine\Unreal_Engine.md"	"25"	"2"	"用途"
"TA-Encyclopedia\04_Engine\Unreal_Engine.md"	"31"	"2"	"与其他概念的区别"
"TA-Encyclopedia\04_Engine\Unreal_Engine.md"	"38"	"2"	"常见误区"
"TA-Encyclopedia\04_Engine\Unreal_Engine.md"	"44"	"2"	"相关条目"
"TA-Encyclopedia\04_Engine\Unreal_Engine.md"	"51"	"2"	"参考来源"
"TA-Encyclopedia\04_Engine\Unreal_Render_Target.md"	"14"	"1"	"Unreal Render Target"
"TA-Encyclopedia\04_Engine\Unreal_Render_Target.md"	"16"	"2"	"定义与解释"
"TA-Encyclopedia\04_Engine\Unreal_Render_Target.md"	"20"	"2"	"核心原理"
"TA-Encyclopedia\04_Engine\Unreal_Render_Target.md"	"26"	"2"	"用途"
"TA-Encyclopedia\04_Engine\Unreal_Render_Target.md"	"32"	"2"	"与其他概念的区别"
"TA-Encyclopedia\04_Engine\Unreal_Render_Target.md"	"39"	"2"	"常见误区"
"TA-Encyclopedia\04_Engine\Unreal_Render_Target.md"	"45"	"2"	"相关条目"
"TA-Encyclopedia\04_Engine\Unreal_Render_Target.md"	"51"	"2"	"参考来源"
"TA-Encyclopedia\04_Engine\URP.md"	"14"	"1"	"URP"
"TA-Encyclopedia\04_Engine\URP.md"	"16"	"2"	"定义与解释"
"TA-Encyclopedia\04_Engine\URP.md"	"20"	"2"	"核心原理"
"TA-Encyclopedia\04_Engine\URP.md"	"26"	"2"	"用途"
"TA-Encyclopedia\04_Engine\URP.md"	"32"	"2"	"与其他概念的区别"
"TA-Encyclopedia\04_Engine\URP.md"	"39"	"2"	"常见误区"
"TA-Encyclopedia\04_Engine\URP.md"	"45"	"2"	"相关条目"
"TA-Encyclopedia\04_Engine\URP.md"	"51"	"2"	"参考来源"
"TA-Encyclopedia\04_Engine\YooAsset.md"	"13"	"1"	"YooAsset"
"TA-Encyclopedia\04_Engine\YooAsset.md"	"15"	"2"	"定义与解释"
"TA-Encyclopedia\04_Engine\YooAsset.md"	"19"	"2"	"核心原理"
"TA-Encyclopedia\04_Engine\YooAsset.md"	"25"	"2"	"用途"
"TA-Encyclopedia\04_Engine\YooAsset.md"	"31"	"2"	"与其他概念的区别"
"TA-Encyclopedia\04_Engine\YooAsset.md"	"38"	"2"	"常见误区"
"TA-Encyclopedia\04_Engine\YooAsset.md"	"44"	"2"	"相关条目"
"TA-Encyclopedia\04_Engine\YooAsset.md"	"50"	"2"	"参考来源"
"TA-Encyclopedia\05_Art_Production\动画技术.md"	"13"	"1"	"动画技术"
"TA-Encyclopedia\05_Art_Production\动画技术.md"	"15"	"2"	"定义与解释"
"TA-Encyclopedia\05_Art_Production\动画技术.md"	"19"	"2"	"核心原理"
"TA-Encyclopedia\05_Art_Production\动画技术.md"	"25"	"2"	"用途"
"TA-Encyclopedia\05_Art_Production\动画技术.md"	"31"	"2"	"与其他概念的区别"
"TA-Encyclopedia\05_Art_Production\动画技术.md"	"38"	"2"	"常见误区"
"TA-Encyclopedia\05_Art_Production\动画技术.md"	"44"	"2"	"相关条目"
"TA-Encyclopedia\05_Art_Production\动画技术.md"	"50"	"2"	"参考来源"
"TA-Encyclopedia\05_Art_Production\建模规范.md"	"13"	"1"	"建模规范"
"TA-Encyclopedia\05_Art_Production\建模规范.md"	"15"	"2"	"定义与解释"
"TA-Encyclopedia\05_Art_Production\建模规范.md"	"19"	"2"	"核心原理"
"TA-Encyclopedia\05_Art_Production\建模规范.md"	"25"	"2"	"用途"
"TA-Encyclopedia\05_Art_Production\建模规范.md"	"31"	"2"	"与其他概念的区别"
"TA-Encyclopedia\05_Art_Production\建模规范.md"	"38"	"2"	"常见误区"
"TA-Encyclopedia\05_Art_Production\建模规范.md"	"44"	"2"	"相关条目"
"TA-Encyclopedia\05_Art_Production\建模规范.md"	"50"	"2"	"参考来源"
"TA-Encyclopedia\05_Art_Production\角色绑定.md"	"13"	"1"	"角色绑定"
"TA-Encyclopedia\05_Art_Production\角色绑定.md"	"15"	"2"	"定义与解释"
"TA-Encyclopedia\05_Art_Production\角色绑定.md"	"19"	"2"	"核心原理"
"TA-Encyclopedia\05_Art_Production\角色绑定.md"	"25"	"2"	"用途"
"TA-Encyclopedia\05_Art_Production\角色绑定.md"	"31"	"2"	"与其他概念的区别"
"TA-Encyclopedia\05_Art_Production\角色绑定.md"	"38"	"2"	"常见误区"
"TA-Encyclopedia\05_Art_Production\角色绑定.md"	"44"	"2"	"相关条目"
"TA-Encyclopedia\05_Art_Production\角色绑定.md"	"50"	"2"	"参考来源"
"TA-Encyclopedia\05_Art_Production\拓扑.md"	"13"	"1"	"拓扑"
"TA-Encyclopedia\05_Art_Production\拓扑.md"	"15"	"2"	"定义与解释"
"TA-Encyclopedia\05_Art_Production\拓扑.md"	"19"	"2"	"核心原理"
"TA-Encyclopedia\05_Art_Production\拓扑.md"	"25"	"2"	"用途"
"TA-Encyclopedia\05_Art_Production\拓扑.md"	"31"	"2"	"与其他概念的区别"
"TA-Encyclopedia\05_Art_Production\拓扑.md"	"38"	"2"	"常见误区"
"TA-Encyclopedia\05_Art_Production\拓扑.md"	"44"	"2"	"相关条目"
"TA-Encyclopedia\05_Art_Production\拓扑.md"	"50"	"2"	"参考来源"
"TA-Encyclopedia\05_Art_Production\贴图规范.md"	"13"	"1"	"贴图规范"
"TA-Encyclopedia\05_Art_Production\贴图规范.md"	"15"	"2"	"定义与解释"
"TA-Encyclopedia\05_Art_Production\贴图规范.md"	"19"	"2"	"核心原理"
"TA-Encyclopedia\05_Art_Production\贴图规范.md"	"25"	"2"	"用途"
"TA-Encyclopedia\05_Art_Production\贴图规范.md"	"31"	"2"	"与其他概念的区别"
"TA-Encyclopedia\05_Art_Production\贴图规范.md"	"38"	"2"	"常见误区"
"TA-Encyclopedia\05_Art_Production\贴图规范.md"	"44"	"2"	"相关条目"
"TA-Encyclopedia\05_Art_Production\贴图规范.md"	"50"	"2"	"参考来源"
"TA-Encyclopedia\05_Art_Production\Additive Animation.md"	"14"	"1"	"Additive Animation"
"TA-Encyclopedia\05_Art_Production\Additive Animation.md"	"16"	"2"	"定义与解释"
"TA-Encyclopedia\05_Art_Production\Additive Animation.md"	"20"	"2"	"核心原理"
"TA-Encyclopedia\05_Art_Production\Additive Animation.md"	"26"	"2"	"用途"
"TA-Encyclopedia\05_Art_Production\Additive Animation.md"	"32"	"2"	"与其他概念的区别"
"TA-Encyclopedia\05_Art_Production\Additive Animation.md"	"39"	"2"	"常见误区"
"TA-Encyclopedia\05_Art_Production\Additive Animation.md"	"45"	"2"	"相关条目"
"TA-Encyclopedia\05_Art_Production\Additive Animation.md"	"51"	"2"	"参考来源"
"TA-Encyclopedia\05_Art_Production\Baking.md"	"14"	"1"	"Baking"
"TA-Encyclopedia\05_Art_Production\Baking.md"	"16"	"2"	"定义与解释"
"TA-Encyclopedia\05_Art_Production\Baking.md"	"20"	"2"	"核心原理"
"TA-Encyclopedia\05_Art_Production\Baking.md"	"26"	"2"	"用途"
"TA-Encyclopedia\05_Art_Production\Baking.md"	"32"	"2"	"与其他概念的区别"
"TA-Encyclopedia\05_Art_Production\Baking.md"	"39"	"2"	"常见误区"
"TA-Encyclopedia\05_Art_Production\Baking.md"	"45"	"2"	"相关条目"
"TA-Encyclopedia\05_Art_Production\Baking.md"	"51"	"2"	"参考来源"
"TA-Encyclopedia\05_Art_Production\Blend Shape.md"	"14"	"1"	"Blend Shape"
"TA-Encyclopedia\05_Art_Production\Blend Shape.md"	"16"	"2"	"定义与解释"
"TA-Encyclopedia\05_Art_Production\Blend Shape.md"	"20"	"2"	"核心原理"
"TA-Encyclopedia\05_Art_Production\Blend Shape.md"	"26"	"2"	"用途"
"TA-Encyclopedia\05_Art_Production\Blend Shape.md"	"32"	"2"	"与其他概念的区别"
"TA-Encyclopedia\05_Art_Production\Blend Shape.md"	"39"	"2"	"常见误区"
"TA-Encyclopedia\05_Art_Production\Blend Shape.md"	"45"	"2"	"相关条目"
"TA-Encyclopedia\05_Art_Production\Blend Shape.md"	"51"	"2"	"参考来源"
"TA-Encyclopedia\05_Art_Production\Draw Call.md"	"14"	"1"	"Draw Call"
"TA-Encyclopedia\05_Art_Production\Draw Call.md"	"16"	"2"	"定义与解释"
"TA-Encyclopedia\05_Art_Production\Draw Call.md"	"20"	"2"	"核心原理"
"TA-Encyclopedia\05_Art_Production\Draw Call.md"	"26"	"2"	"用途"
"TA-Encyclopedia\05_Art_Production\Draw Call.md"	"32"	"2"	"与其他概念的区别"
"TA-Encyclopedia\05_Art_Production\Draw Call.md"	"39"	"2"	"常见误区"
"TA-Encyclopedia\05_Art_Production\Draw Call.md"	"45"	"2"	"相关条目"
"TA-Encyclopedia\05_Art_Production\Draw Call.md"	"51"	"2"	"参考来源"
"TA-Encyclopedia\05_Art_Production\High Poly.md"	"14"	"1"	"High Poly"
"TA-Encyclopedia\05_Art_Production\High Poly.md"	"16"	"2"	"定义与解释"
"TA-Encyclopedia\05_Art_Production\High Poly.md"	"20"	"2"	"核心原理"
"TA-Encyclopedia\05_Art_Production\High Poly.md"	"26"	"2"	"用途"
"TA-Encyclopedia\05_Art_Production\High Poly.md"	"32"	"2"	"与其他概念的区别"
"TA-Encyclopedia\05_Art_Production\High Poly.md"	"39"	"2"	"常见误区"
"TA-Encyclopedia\05_Art_Production\High Poly.md"	"45"	"2"	"相关条目"
"TA-Encyclopedia\05_Art_Production\High Poly.md"	"51"	"2"	"参考来源"
"TA-Encyclopedia\05_Art_Production\LOD.md"	"14"	"1"	"LOD"
"TA-Encyclopedia\05_Art_Production\LOD.md"	"16"	"2"	"定义与解释"
"TA-Encyclopedia\05_Art_Production\LOD.md"	"20"	"2"	"核心原理"
"TA-Encyclopedia\05_Art_Production\LOD.md"	"26"	"2"	"用途"
"TA-Encyclopedia\05_Art_Production\LOD.md"	"32"	"2"	"与其他概念的区别"
"TA-Encyclopedia\05_Art_Production\LOD.md"	"39"	"2"	"常见误区"
"TA-Encyclopedia\05_Art_Production\LOD.md"	"45"	"2"	"相关条目"
"TA-Encyclopedia\05_Art_Production\LOD.md"	"51"	"2"	"参考来源"
"TA-Encyclopedia\05_Art_Production\Low Poly.md"	"14"	"1"	"Low Poly"
"TA-Encyclopedia\05_Art_Production\Low Poly.md"	"16"	"2"	"定义与解释"
"TA-Encyclopedia\05_Art_Production\Low Poly.md"	"20"	"2"	"核心原理"
"TA-Encyclopedia\05_Art_Production\Low Poly.md"	"26"	"2"	"用途"
"TA-Encyclopedia\05_Art_Production\Low Poly.md"	"32"	"2"	"与其他概念的区别"
"TA-Encyclopedia\05_Art_Production\Low Poly.md"	"39"	"2"	"常见误区"
"TA-Encyclopedia\05_Art_Production\Low Poly.md"	"45"	"2"	"相关条目"
"TA-Encyclopedia\05_Art_Production\Low Poly.md"	"51"	"2"	"参考来源"
"TA-Encyclopedia\05_Art_Production\Morph Target.md"	"14"	"1"	"Morph Target"
"TA-Encyclopedia\05_Art_Production\Morph Target.md"	"16"	"2"	"定义与解释"
"TA-Encyclopedia\05_Art_Production\Morph Target.md"	"20"	"2"	"核心原理"
"TA-Encyclopedia\05_Art_Production\Morph Target.md"	"26"	"2"	"用途"
"TA-Encyclopedia\05_Art_Production\Morph Target.md"	"32"	"2"	"与其他概念的区别"
"TA-Encyclopedia\05_Art_Production\Morph Target.md"	"39"	"2"	"常见误区"
"TA-Encyclopedia\05_Art_Production\Morph Target.md"	"45"	"2"	"相关条目"
"TA-Encyclopedia\05_Art_Production\Morph Target.md"	"51"	"2"	"参考来源"
"TA-Encyclopedia\05_Art_Production\Pivot.md"	"14"	"1"	"Pivot"
"TA-Encyclopedia\05_Art_Production\Pivot.md"	"16"	"2"	"定义与解释"
"TA-Encyclopedia\05_Art_Production\Pivot.md"	"20"	"2"	"核心原理"
"TA-Encyclopedia\05_Art_Production\Pivot.md"	"26"	"2"	"用途"
"TA-Encyclopedia\05_Art_Production\Pivot.md"	"32"	"2"	"与其他概念的区别"
"TA-Encyclopedia\05_Art_Production\Pivot.md"	"39"	"2"	"常见误区"
"TA-Encyclopedia\05_Art_Production\Pivot.md"	"45"	"2"	"相关条目"
"TA-Encyclopedia\05_Art_Production\Pivot.md"	"51"	"2"	"参考来源"
"TA-Encyclopedia\05_Art_Production\README.md"	"12"	"1"	"05_Art_Production"
"TA-Encyclopedia\05_Art_Production\README.md"	"16"	"2"	"建模与资产"
"TA-Encyclopedia\05_Art_Production\README.md"	"26"	"2"	"UV 与贴图"
"TA-Encyclopedia\05_Art_Production\README.md"	"35"	"2"	"角色、动画与 VFX"
"TA-Encyclopedia\05_Art_Production\Retopology.md"	"14"	"1"	"Retopology"
"TA-Encyclopedia\05_Art_Production\Retopology.md"	"16"	"2"	"定义与解释"
"TA-Encyclopedia\05_Art_Production\Retopology.md"	"20"	"2"	"核心原理"
"TA-Encyclopedia\05_Art_Production\Retopology.md"	"26"	"2"	"用途"
"TA-Encyclopedia\05_Art_Production\Retopology.md"	"32"	"2"	"与其他概念的区别"
"TA-Encyclopedia\05_Art_Production\Retopology.md"	"39"	"2"	"常见误区"
"TA-Encyclopedia\05_Art_Production\Retopology.md"	"45"	"2"	"相关条目"
"TA-Encyclopedia\05_Art_Production\Retopology.md"	"51"	"2"	"参考来源"
"TA-Encyclopedia\05_Art_Production\Rigging.md"	"14"	"1"	"Rigging"
"TA-Encyclopedia\05_Art_Production\Rigging.md"	"16"	"2"	"定义与解释"
"TA-Encyclopedia\05_Art_Production\Rigging.md"	"20"	"2"	"核心原理"
"TA-Encyclopedia\05_Art_Production\Rigging.md"	"26"	"2"	"用途"
"TA-Encyclopedia\05_Art_Production\Rigging.md"	"32"	"2"	"与其他概念的区别"
"TA-Encyclopedia\05_Art_Production\Rigging.md"	"39"	"2"	"常见误区"
"TA-Encyclopedia\05_Art_Production\Rigging.md"	"45"	"2"	"相关条目"
"TA-Encyclopedia\05_Art_Production\Rigging.md"	"51"	"2"	"参考来源"
"TA-Encyclopedia\05_Art_Production\Root Motion.md"	"14"	"1"	"Root Motion"
"TA-Encyclopedia\05_Art_Production\Root Motion.md"	"16"	"2"	"定义与解释"
"TA-Encyclopedia\05_Art_Production\Root Motion.md"	"20"	"2"	"核心原理"
"TA-Encyclopedia\05_Art_Production\Root Motion.md"	"26"	"2"	"用途"
"TA-Encyclopedia\05_Art_Production\Root Motion.md"	"32"	"2"	"与其他概念的区别"
"TA-Encyclopedia\05_Art_Production\Root Motion.md"	"39"	"2"	"常见误区"
"TA-Encyclopedia\05_Art_Production\Root Motion.md"	"45"	"2"	"相关条目"
"TA-Encyclopedia\05_Art_Production\Root Motion.md"	"51"	"2"	"参考来源"
"TA-Encyclopedia\05_Art_Production\Skinning.md"	"14"	"1"	"Skinning"
"TA-Encyclopedia\05_Art_Production\Skinning.md"	"16"	"2"	"定义与解释"
"TA-Encyclopedia\05_Art_Production\Skinning.md"	"20"	"2"	"核心原理"
"TA-Encyclopedia\05_Art_Production\Skinning.md"	"26"	"2"	"用途"
"TA-Encyclopedia\05_Art_Production\Skinning.md"	"32"	"2"	"与其他概念的区别"
"TA-Encyclopedia\05_Art_Production\Skinning.md"	"39"	"2"	"常见误区"
"TA-Encyclopedia\05_Art_Production\Skinning.md"	"45"	"2"	"相关条目"
"TA-Encyclopedia\05_Art_Production\Skinning.md"	"51"	"2"	"参考来源"
"TA-Encyclopedia\05_Art_Production\Texel Density.md"	"14"	"1"	"Texel Density"
"TA-Encyclopedia\05_Art_Production\Texel Density.md"	"16"	"2"	"定义与解释"
"TA-Encyclopedia\05_Art_Production\Texel Density.md"	"20"	"2"	"核心原理"
"TA-Encyclopedia\05_Art_Production\Texel Density.md"	"26"	"2"	"用途"
"TA-Encyclopedia\05_Art_Production\Texel Density.md"	"32"	"2"	"与其他概念的区别"
"TA-Encyclopedia\05_Art_Production\Texel Density.md"	"39"	"2"	"常见误区"
"TA-Encyclopedia\05_Art_Production\Texel Density.md"	"45"	"2"	"相关条目"
"TA-Encyclopedia\05_Art_Production\Texel Density.md"	"51"	"2"	"参考来源"
"TA-Encyclopedia\05_Art_Production\Texture Atlas.md"	"14"	"1"	"Texture Atlas"
"TA-Encyclopedia\05_Art_Production\Texture Atlas.md"	"16"	"2"	"定义与解释"
"TA-Encyclopedia\05_Art_Production\Texture Atlas.md"	"20"	"2"	"核心原理"
"TA-Encyclopedia\05_Art_Production\Texture Atlas.md"	"26"	"2"	"用途"
"TA-Encyclopedia\05_Art_Production\Texture Atlas.md"	"32"	"2"	"与其他概念的区别"
"TA-Encyclopedia\05_Art_Production\Texture Atlas.md"	"39"	"2"	"常见误区"
"TA-Encyclopedia\05_Art_Production\Texture Atlas.md"	"45"	"2"	"相关条目"
"TA-Encyclopedia\05_Art_Production\Texture Atlas.md"	"51"	"2"	"参考来源"
"TA-Encyclopedia\05_Art_Production\Texture Compression.md"	"14"	"1"	"Texture Compression"
"TA-Encyclopedia\05_Art_Production\Texture Compression.md"	"16"	"2"	"定义与解释"
"TA-Encyclopedia\05_Art_Production\Texture Compression.md"	"20"	"2"	"核心原理"
"TA-Encyclopedia\05_Art_Production\Texture Compression.md"	"26"	"2"	"用途"
"TA-Encyclopedia\05_Art_Production\Texture Compression.md"	"32"	"2"	"与其他概念的区别"
"TA-Encyclopedia\05_Art_Production\Texture Compression.md"	"39"	"2"	"常见误区"
"TA-Encyclopedia\05_Art_Production\Texture Compression.md"	"45"	"2"	"相关条目"
"TA-Encyclopedia\05_Art_Production\Texture Compression.md"	"51"	"2"	"参考来源"
"TA-Encyclopedia\05_Art_Production\Trim Sheet.md"	"14"	"1"	"Trim Sheet"
"TA-Encyclopedia\05_Art_Production\Trim Sheet.md"	"16"	"2"	"定义与解释"
"TA-Encyclopedia\05_Art_Production\Trim Sheet.md"	"20"	"2"	"核心原理"
"TA-Encyclopedia\05_Art_Production\Trim Sheet.md"	"26"	"2"	"用途"
"TA-Encyclopedia\05_Art_Production\Trim Sheet.md"	"32"	"2"	"与其他概念的区别"
"TA-Encyclopedia\05_Art_Production\Trim Sheet.md"	"39"	"2"	"常见误区"
"TA-Encyclopedia\05_Art_Production\Trim Sheet.md"	"45"	"2"	"相关条目"
"TA-Encyclopedia\05_Art_Production\Trim Sheet.md"	"51"	"2"	"参考来源"
"TA-Encyclopedia\05_Art_Production\UV.md"	"13"	"1"	"UV"
"TA-Encyclopedia\05_Art_Production\UV.md"	"15"	"2"	"定义与解释"
"TA-Encyclopedia\05_Art_Production\UV.md"	"19"	"2"	"核心原理"
"TA-Encyclopedia\05_Art_Production\UV.md"	"25"	"2"	"用途"
"TA-Encyclopedia\05_Art_Production\UV.md"	"31"	"2"	"与其他概念的区别"
"TA-Encyclopedia\05_Art_Production\UV.md"	"38"	"2"	"常见误区"
"TA-Encyclopedia\05_Art_Production\UV.md"	"44"	"2"	"相关条目"
"TA-Encyclopedia\05_Art_Production\UV.md"	"50"	"2"	"参考来源"
"TA-Encyclopedia\05_Art_Production\VFX.md"	"13"	"1"	"VFX"
"TA-Encyclopedia\05_Art_Production\VFX.md"	"15"	"2"	"定义与解释"
"TA-Encyclopedia\05_Art_Production\VFX.md"	"19"	"2"	"核心原理"
"TA-Encyclopedia\05_Art_Production\VFX.md"	"25"	"2"	"用途"
"TA-Encyclopedia\05_Art_Production\VFX.md"	"31"	"2"	"与其他概念的区别"
"TA-Encyclopedia\05_Art_Production\VFX.md"	"38"	"2"	"常见误区"
"TA-Encyclopedia\05_Art_Production\VFX.md"	"44"	"2"	"相关条目"
"TA-Encyclopedia\05_Art_Production\VFX.md"	"50"	"2"	"参考来源"
"TA-Encyclopedia\06_AIGC_TA\游戏美术资产生成.md"	"13"	"1"	"游戏美术资产生成"
"TA-Encyclopedia\06_AIGC_TA\游戏美术资产生成.md"	"15"	"2"	"定义与解释"
"TA-Encyclopedia\06_AIGC_TA\游戏美术资产生成.md"	"19"	"2"	"核心原理"
"TA-Encyclopedia\06_AIGC_TA\游戏美术资产生成.md"	"25"	"2"	"用途"
"TA-Encyclopedia\06_AIGC_TA\游戏美术资产生成.md"	"31"	"2"	"与其他概念的区别"
"TA-Encyclopedia\06_AIGC_TA\游戏美术资产生成.md"	"38"	"2"	"常见误区"
"TA-Encyclopedia\06_AIGC_TA\游戏美术资产生成.md"	"44"	"2"	"相关条目"
"TA-Encyclopedia\06_AIGC_TA\游戏美术资产生成.md"	"50"	"2"	"参考来源"
"TA-Encyclopedia\06_AIGC_TA\Agent工作流.md"	"13"	"1"	"Agent工作流"
"TA-Encyclopedia\06_AIGC_TA\Agent工作流.md"	"15"	"2"	"定义与解释"
"TA-Encyclopedia\06_AIGC_TA\Agent工作流.md"	"19"	"2"	"核心原理"
"TA-Encyclopedia\06_AIGC_TA\Agent工作流.md"	"25"	"2"	"用途"
"TA-Encyclopedia\06_AIGC_TA\Agent工作流.md"	"31"	"2"	"与其他概念的区别"
"TA-Encyclopedia\06_AIGC_TA\Agent工作流.md"	"38"	"2"	"常见误区"
"TA-Encyclopedia\06_AIGC_TA\Agent工作流.md"	"44"	"2"	"相关条目"
"TA-Encyclopedia\06_AIGC_TA\Agent工作流.md"	"50"	"2"	"参考来源"
"TA-Encyclopedia\06_AIGC_TA\AIGC 资产审核规范.md"	"14"	"1"	"AIGC 资产审核规范"
"TA-Encyclopedia\06_AIGC_TA\AIGC 资产审核规范.md"	"16"	"2"	"定义与解释"
"TA-Encyclopedia\06_AIGC_TA\AIGC 资产审核规范.md"	"20"	"2"	"核心原理"
"TA-Encyclopedia\06_AIGC_TA\AIGC 资产审核规范.md"	"26"	"2"	"用途"
"TA-Encyclopedia\06_AIGC_TA\AIGC 资产审核规范.md"	"32"	"2"	"与其他概念的区别"
"TA-Encyclopedia\06_AIGC_TA\AIGC 资产审核规范.md"	"39"	"2"	"常见误区"
"TA-Encyclopedia\06_AIGC_TA\AIGC 资产审核规范.md"	"45"	"2"	"相关条目"
"TA-Encyclopedia\06_AIGC_TA\AIGC 资产审核规范.md"	"51"	"2"	"参考来源"
"TA-Encyclopedia\06_AIGC_TA\AIGC管线落地.md"	"13"	"1"	"AIGC管线落地"
"TA-Encyclopedia\06_AIGC_TA\AIGC管线落地.md"	"15"	"2"	"定义与解释"
"TA-Encyclopedia\06_AIGC_TA\AIGC管线落地.md"	"19"	"2"	"核心原理"
"TA-Encyclopedia\06_AIGC_TA\AIGC管线落地.md"	"25"	"2"	"用途"
"TA-Encyclopedia\06_AIGC_TA\AIGC管线落地.md"	"31"	"2"	"与其他概念的区别"
"TA-Encyclopedia\06_AIGC_TA\AIGC管线落地.md"	"38"	"2"	"常见误区"
"TA-Encyclopedia\06_AIGC_TA\AIGC管线落地.md"	"44"	"2"	"相关条目"
"TA-Encyclopedia\06_AIGC_TA\AIGC管线落地.md"	"50"	"2"	"参考来源"
"TA-Encyclopedia\06_AIGC_TA\Caption.md"	"14"	"1"	"Caption"
"TA-Encyclopedia\06_AIGC_TA\Caption.md"	"16"	"2"	"定义与解释"
"TA-Encyclopedia\06_AIGC_TA\Caption.md"	"20"	"2"	"核心原理"
"TA-Encyclopedia\06_AIGC_TA\Caption.md"	"26"	"2"	"用途"
"TA-Encyclopedia\06_AIGC_TA\Caption.md"	"32"	"2"	"与其他概念的区别"
"TA-Encyclopedia\06_AIGC_TA\Caption.md"	"39"	"2"	"常见误区"
"TA-Encyclopedia\06_AIGC_TA\Caption.md"	"45"	"2"	"相关条目"
"TA-Encyclopedia\06_AIGC_TA\Caption.md"	"51"	"2"	"参考来源"
"TA-Encyclopedia\06_AIGC_TA\CFG Scale.md"	"14"	"1"	"CFG Scale"
"TA-Encyclopedia\06_AIGC_TA\CFG Scale.md"	"16"	"2"	"定义与解释"
"TA-Encyclopedia\06_AIGC_TA\CFG Scale.md"	"20"	"2"	"核心原理"
"TA-Encyclopedia\06_AIGC_TA\CFG Scale.md"	"26"	"2"	"用途"
"TA-Encyclopedia\06_AIGC_TA\CFG Scale.md"	"32"	"2"	"与其他概念的区别"
"TA-Encyclopedia\06_AIGC_TA\CFG Scale.md"	"39"	"2"	"常见误区"
"TA-Encyclopedia\06_AIGC_TA\CFG Scale.md"	"45"	"2"	"相关条目"
"TA-Encyclopedia\06_AIGC_TA\CFG Scale.md"	"51"	"2"	"参考来源"
"TA-Encyclopedia\06_AIGC_TA\CLIP.md"	"13"	"1"	"CLIP"
"TA-Encyclopedia\06_AIGC_TA\CLIP.md"	"15"	"2"	"定义与解释"
"TA-Encyclopedia\06_AIGC_TA\CLIP.md"	"19"	"2"	"核心原理"
"TA-Encyclopedia\06_AIGC_TA\CLIP.md"	"25"	"2"	"用途"
"TA-Encyclopedia\06_AIGC_TA\CLIP.md"	"31"	"2"	"与其他概念的区别"
"TA-Encyclopedia\06_AIGC_TA\CLIP.md"	"38"	"2"	"常见误区"
"TA-Encyclopedia\06_AIGC_TA\CLIP.md"	"44"	"2"	"相关条目"
"TA-Encyclopedia\06_AIGC_TA\CLIP.md"	"50"	"2"	"参考来源"
"TA-Encyclopedia\06_AIGC_TA\ComfyUI.md"	"13"	"1"	"ComfyUI"
"TA-Encyclopedia\06_AIGC_TA\ComfyUI.md"	"15"	"2"	"定义与解释"
"TA-Encyclopedia\06_AIGC_TA\ComfyUI.md"	"19"	"2"	"核心原理"
"TA-Encyclopedia\06_AIGC_TA\ComfyUI.md"	"25"	"2"	"用途"
"TA-Encyclopedia\06_AIGC_TA\ComfyUI.md"	"31"	"2"	"与其他概念的区别"
"TA-Encyclopedia\06_AIGC_TA\ComfyUI.md"	"38"	"2"	"常见误区"
"TA-Encyclopedia\06_AIGC_TA\ComfyUI.md"	"44"	"2"	"相关条目"
"TA-Encyclopedia\06_AIGC_TA\ComfyUI.md"	"50"	"2"	"参考来源"
"TA-Encyclopedia\06_AIGC_TA\ControlNet.md"	"13"	"1"	"ControlNet"
"TA-Encyclopedia\06_AIGC_TA\ControlNet.md"	"15"	"2"	"定义与解释"
"TA-Encyclopedia\06_AIGC_TA\ControlNet.md"	"19"	"2"	"核心原理"
"TA-Encyclopedia\06_AIGC_TA\ControlNet.md"	"25"	"2"	"用途"
"TA-Encyclopedia\06_AIGC_TA\ControlNet.md"	"31"	"2"	"与其他概念的区别"
"TA-Encyclopedia\06_AIGC_TA\ControlNet.md"	"38"	"2"	"常见误区"
"TA-Encyclopedia\06_AIGC_TA\ControlNet.md"	"44"	"2"	"相关条目"
"TA-Encyclopedia\06_AIGC_TA\ControlNet.md"	"50"	"2"	"参考来源"
"TA-Encyclopedia\06_AIGC_TA\Diffusion Model.md"	"14"	"1"	"Diffusion Model"
"TA-Encyclopedia\06_AIGC_TA\Diffusion Model.md"	"16"	"2"	"定义与解释"
"TA-Encyclopedia\06_AIGC_TA\Diffusion Model.md"	"20"	"2"	"核心原理"
"TA-Encyclopedia\06_AIGC_TA\Diffusion Model.md"	"26"	"2"	"用途"
"TA-Encyclopedia\06_AIGC_TA\Diffusion Model.md"	"32"	"2"	"与其他概念的区别"
"TA-Encyclopedia\06_AIGC_TA\Diffusion Model.md"	"39"	"2"	"常见误区"
"TA-Encyclopedia\06_AIGC_TA\Diffusion Model.md"	"45"	"2"	"相关条目"
"TA-Encyclopedia\06_AIGC_TA\Diffusion Model.md"	"51"	"2"	"参考来源"
"TA-Encyclopedia\06_AIGC_TA\Img2Img.md"	"14"	"1"	"Img2Img"
"TA-Encyclopedia\06_AIGC_TA\Img2Img.md"	"16"	"2"	"定义与解释"
"TA-Encyclopedia\06_AIGC_TA\Img2Img.md"	"20"	"2"	"核心原理"
"TA-Encyclopedia\06_AIGC_TA\Img2Img.md"	"26"	"2"	"用途"
"TA-Encyclopedia\06_AIGC_TA\Img2Img.md"	"32"	"2"	"与其他概念的区别"
"TA-Encyclopedia\06_AIGC_TA\Img2Img.md"	"39"	"2"	"常见误区"
"TA-Encyclopedia\06_AIGC_TA\Img2Img.md"	"45"	"2"	"相关条目"
"TA-Encyclopedia\06_AIGC_TA\Img2Img.md"	"51"	"2"	"参考来源"
"TA-Encyclopedia\06_AIGC_TA\Inpainting.md"	"14"	"1"	"Inpainting"
"TA-Encyclopedia\06_AIGC_TA\Inpainting.md"	"16"	"2"	"定义与解释"
"TA-Encyclopedia\06_AIGC_TA\Inpainting.md"	"20"	"2"	"核心原理"
"TA-Encyclopedia\06_AIGC_TA\Inpainting.md"	"26"	"2"	"用途"
"TA-Encyclopedia\06_AIGC_TA\Inpainting.md"	"32"	"2"	"与其他概念的区别"
"TA-Encyclopedia\06_AIGC_TA\Inpainting.md"	"39"	"2"	"常见误区"
"TA-Encyclopedia\06_AIGC_TA\Inpainting.md"	"45"	"2"	"相关条目"
"TA-Encyclopedia\06_AIGC_TA\Inpainting.md"	"51"	"2"	"参考来源"
"TA-Encyclopedia\06_AIGC_TA\IP-Adapter.md"	"13"	"1"	"IP-Adapter"
"TA-Encyclopedia\06_AIGC_TA\IP-Adapter.md"	"15"	"2"	"定义与解释"
"TA-Encyclopedia\06_AIGC_TA\IP-Adapter.md"	"19"	"2"	"核心原理"
"TA-Encyclopedia\06_AIGC_TA\IP-Adapter.md"	"25"	"2"	"用途"
"TA-Encyclopedia\06_AIGC_TA\IP-Adapter.md"	"31"	"2"	"与其他概念的区别"
"TA-Encyclopedia\06_AIGC_TA\IP-Adapter.md"	"38"	"2"	"常见误区"
"TA-Encyclopedia\06_AIGC_TA\IP-Adapter.md"	"44"	"2"	"相关条目"
"TA-Encyclopedia\06_AIGC_TA\IP-Adapter.md"	"50"	"2"	"参考来源"
"TA-Encyclopedia\06_AIGC_TA\Latent Space.md"	"14"	"1"	"Latent Space"
"TA-Encyclopedia\06_AIGC_TA\Latent Space.md"	"16"	"2"	"定义与解释"
"TA-Encyclopedia\06_AIGC_TA\Latent Space.md"	"20"	"2"	"核心原理"
"TA-Encyclopedia\06_AIGC_TA\Latent Space.md"	"26"	"2"	"用途"
"TA-Encyclopedia\06_AIGC_TA\Latent Space.md"	"32"	"2"	"与其他概念的区别"
"TA-Encyclopedia\06_AIGC_TA\Latent Space.md"	"39"	"2"	"常见误区"
"TA-Encyclopedia\06_AIGC_TA\Latent Space.md"	"45"	"2"	"相关条目"
"TA-Encyclopedia\06_AIGC_TA\Latent Space.md"	"51"	"2"	"参考来源"
"TA-Encyclopedia\06_AIGC_TA\LoRA 训练流程.md"	"14"	"1"	"LoRA 训练流程"
"TA-Encyclopedia\06_AIGC_TA\LoRA 训练流程.md"	"16"	"2"	"定义与解释"
"TA-Encyclopedia\06_AIGC_TA\LoRA 训练流程.md"	"20"	"2"	"核心原理"
"TA-Encyclopedia\06_AIGC_TA\LoRA 训练流程.md"	"26"	"2"	"用途"
"TA-Encyclopedia\06_AIGC_TA\LoRA 训练流程.md"	"32"	"2"	"与其他概念的区别"
"TA-Encyclopedia\06_AIGC_TA\LoRA 训练流程.md"	"39"	"2"	"常见误区"
"TA-Encyclopedia\06_AIGC_TA\LoRA 训练流程.md"	"45"	"2"	"相关条目"
"TA-Encyclopedia\06_AIGC_TA\LoRA 训练流程.md"	"51"	"2"	"参考来源"
"TA-Encyclopedia\06_AIGC_TA\LoRA.md"	"13"	"1"	"LoRA"
"TA-Encyclopedia\06_AIGC_TA\LoRA.md"	"15"	"2"	"定义与解释"
"TA-Encyclopedia\06_AIGC_TA\LoRA.md"	"19"	"2"	"核心原理"
"TA-Encyclopedia\06_AIGC_TA\LoRA.md"	"25"	"2"	"用途"
"TA-Encyclopedia\06_AIGC_TA\LoRA.md"	"31"	"2"	"与其他概念的区别"
"TA-Encyclopedia\06_AIGC_TA\LoRA.md"	"38"	"2"	"常见误区"
"TA-Encyclopedia\06_AIGC_TA\LoRA.md"	"44"	"2"	"相关条目"
"TA-Encyclopedia\06_AIGC_TA\LoRA.md"	"50"	"2"	"参考来源"
"TA-Encyclopedia\06_AIGC_TA\Negative Prompt.md"	"14"	"1"	"Negative Prompt"
"TA-Encyclopedia\06_AIGC_TA\Negative Prompt.md"	"16"	"2"	"定义与解释"
"TA-Encyclopedia\06_AIGC_TA\Negative Prompt.md"	"20"	"2"	"核心原理"
"TA-Encyclopedia\06_AIGC_TA\Negative Prompt.md"	"26"	"2"	"用途"
"TA-Encyclopedia\06_AIGC_TA\Negative Prompt.md"	"32"	"2"	"与其他概念的区别"
"TA-Encyclopedia\06_AIGC_TA\Negative Prompt.md"	"39"	"2"	"常见误区"
"TA-Encyclopedia\06_AIGC_TA\Negative Prompt.md"	"45"	"2"	"相关条目"
"TA-Encyclopedia\06_AIGC_TA\Negative Prompt.md"	"51"	"2"	"参考来源"
"TA-Encyclopedia\06_AIGC_TA\Prompt Engineering.md"	"14"	"1"	"Prompt Engineering"
"TA-Encyclopedia\06_AIGC_TA\Prompt Engineering.md"	"16"	"2"	"定义与解释"
"TA-Encyclopedia\06_AIGC_TA\Prompt Engineering.md"	"20"	"2"	"核心原理"
"TA-Encyclopedia\06_AIGC_TA\Prompt Engineering.md"	"26"	"2"	"用途"
"TA-Encyclopedia\06_AIGC_TA\Prompt Engineering.md"	"32"	"2"	"与其他概念的区别"
"TA-Encyclopedia\06_AIGC_TA\Prompt Engineering.md"	"39"	"2"	"常见误区"
"TA-Encyclopedia\06_AIGC_TA\Prompt Engineering.md"	"45"	"2"	"相关条目"
"TA-Encyclopedia\06_AIGC_TA\Prompt Engineering.md"	"51"	"2"	"参考来源"
"TA-Encyclopedia\06_AIGC_TA\README.md"	"12"	"1"	"06_AIGC_TA"
"TA-Encyclopedia\06_AIGC_TA\README.md"	"16"	"2"	"推荐阅读顺序"
"TA-Encyclopedia\06_AIGC_TA\README.md"	"39"	"2"	"模型基础"
"TA-Encyclopedia\06_AIGC_TA\README.md"	"48"	"2"	"生成参数"
"TA-Encyclopedia\06_AIGC_TA\README.md"	"56"	"2"	"控制与工作流"
"TA-Encyclopedia\06_AIGC_TA\README.md"	"67"	"2"	"数据与落地"
"TA-Encyclopedia\06_AIGC_TA\Sampler.md"	"14"	"1"	"Sampler"
"TA-Encyclopedia\06_AIGC_TA\Sampler.md"	"16"	"2"	"定义与解释"
"TA-Encyclopedia\06_AIGC_TA\Sampler.md"	"20"	"2"	"核心原理"
"TA-Encyclopedia\06_AIGC_TA\Sampler.md"	"26"	"2"	"用途"
"TA-Encyclopedia\06_AIGC_TA\Sampler.md"	"32"	"2"	"与其他概念的区别"
"TA-Encyclopedia\06_AIGC_TA\Sampler.md"	"39"	"2"	"常见误区"
"TA-Encyclopedia\06_AIGC_TA\Sampler.md"	"45"	"2"	"相关条目"
"TA-Encyclopedia\06_AIGC_TA\Sampler.md"	"51"	"2"	"参考来源"
"TA-Encyclopedia\06_AIGC_TA\Seed.md"	"14"	"1"	"Seed"
"TA-Encyclopedia\06_AIGC_TA\Seed.md"	"16"	"2"	"定义与解释"
"TA-Encyclopedia\06_AIGC_TA\Seed.md"	"20"	"2"	"核心原理"
"TA-Encyclopedia\06_AIGC_TA\Seed.md"	"26"	"2"	"用途"
"TA-Encyclopedia\06_AIGC_TA\Seed.md"	"32"	"2"	"与其他概念的区别"
"TA-Encyclopedia\06_AIGC_TA\Seed.md"	"39"	"2"	"常见误区"
"TA-Encyclopedia\06_AIGC_TA\Seed.md"	"45"	"2"	"相关条目"
"TA-Encyclopedia\06_AIGC_TA\Seed.md"	"51"	"2"	"参考来源"
"TA-Encyclopedia\06_AIGC_TA\Stable_Diffusion.md"	"13"	"1"	"Stable Diffusion"
"TA-Encyclopedia\06_AIGC_TA\Stable_Diffusion.md"	"15"	"2"	"定义与解释"
"TA-Encyclopedia\06_AIGC_TA\Stable_Diffusion.md"	"19"	"2"	"核心原理"
"TA-Encyclopedia\06_AIGC_TA\Stable_Diffusion.md"	"25"	"2"	"用途"
"TA-Encyclopedia\06_AIGC_TA\Stable_Diffusion.md"	"31"	"2"	"与其他概念的区别"
"TA-Encyclopedia\06_AIGC_TA\Stable_Diffusion.md"	"38"	"2"	"常见误区"
"TA-Encyclopedia\06_AIGC_TA\Stable_Diffusion.md"	"44"	"2"	"相关条目"
"TA-Encyclopedia\06_AIGC_TA\Stable_Diffusion.md"	"50"	"2"	"参考来源"
"TA-Encyclopedia\06_AIGC_TA\Tagging.md"	"14"	"1"	"Tagging"
"TA-Encyclopedia\06_AIGC_TA\Tagging.md"	"16"	"2"	"定义与解释"
"TA-Encyclopedia\06_AIGC_TA\Tagging.md"	"20"	"2"	"核心原理"
"TA-Encyclopedia\06_AIGC_TA\Tagging.md"	"26"	"2"	"用途"
"TA-Encyclopedia\06_AIGC_TA\Tagging.md"	"32"	"2"	"与其他概念的区别"
"TA-Encyclopedia\06_AIGC_TA\Tagging.md"	"39"	"2"	"常见误区"
"TA-Encyclopedia\06_AIGC_TA\Tagging.md"	"45"	"2"	"相关条目"
"TA-Encyclopedia\06_AIGC_TA\Tagging.md"	"51"	"2"	"参考来源"
"TA-Encyclopedia\06_AIGC_TA\U-Net.md"	"13"	"1"	"U-Net"
"TA-Encyclopedia\06_AIGC_TA\U-Net.md"	"15"	"2"	"定义与解释"
"TA-Encyclopedia\06_AIGC_TA\U-Net.md"	"19"	"2"	"核心原理"
"TA-Encyclopedia\06_AIGC_TA\U-Net.md"	"25"	"2"	"用途"
"TA-Encyclopedia\06_AIGC_TA\U-Net.md"	"31"	"2"	"与其他概念的区别"
"TA-Encyclopedia\06_AIGC_TA\U-Net.md"	"38"	"2"	"常见误区"
"TA-Encyclopedia\06_AIGC_TA\U-Net.md"	"44"	"2"	"相关条目"
"TA-Encyclopedia\06_AIGC_TA\U-Net.md"	"50"	"2"	"参考来源"
"TA-Encyclopedia\06_AIGC_TA\VAE.md"	"14"	"1"	"VAE"
"TA-Encyclopedia\06_AIGC_TA\VAE.md"	"16"	"2"	"定义与解释"
"TA-Encyclopedia\06_AIGC_TA\VAE.md"	"20"	"2"	"核心原理"
"TA-Encyclopedia\06_AIGC_TA\VAE.md"	"26"	"2"	"用途"
"TA-Encyclopedia\06_AIGC_TA\VAE.md"	"32"	"2"	"与其他概念的区别"
"TA-Encyclopedia\06_AIGC_TA\VAE.md"	"39"	"2"	"常见误区"
"TA-Encyclopedia\06_AIGC_TA\VAE.md"	"45"	"2"	"相关条目"
"TA-Encyclopedia\06_AIGC_TA\VAE.md"	"51"	"2"	"参考来源"
"TA-Encyclopedia\07_Math_CS\叉积.md"	"14"	"1"	"叉积"
"TA-Encyclopedia\07_Math_CS\叉积.md"	"16"	"2"	"定义与解释"
"TA-Encyclopedia\07_Math_CS\叉积.md"	"20"	"2"	"核心原理"
"TA-Encyclopedia\07_Math_CS\叉积.md"	"26"	"2"	"用途"
"TA-Encyclopedia\07_Math_CS\叉积.md"	"32"	"2"	"与其他概念的区别"
"TA-Encyclopedia\07_Math_CS\叉积.md"	"39"	"2"	"常见误区"
"TA-Encyclopedia\07_Math_CS\叉积.md"	"45"	"2"	"相关条目"
"TA-Encyclopedia\07_Math_CS\叉积.md"	"51"	"2"	"参考来源"
"TA-Encyclopedia\07_Math_CS\点积.md"	"14"	"1"	"点积"
"TA-Encyclopedia\07_Math_CS\点积.md"	"16"	"2"	"定义与解释"
"TA-Encyclopedia\07_Math_CS\点积.md"	"20"	"2"	"核心原理"
"TA-Encyclopedia\07_Math_CS\点积.md"	"26"	"2"	"用途"
"TA-Encyclopedia\07_Math_CS\点积.md"	"32"	"2"	"与其他概念的区别"
"TA-Encyclopedia\07_Math_CS\点积.md"	"39"	"2"	"常见误区"
"TA-Encyclopedia\07_Math_CS\点积.md"	"45"	"2"	"相关条目"
"TA-Encyclopedia\07_Math_CS\点积.md"	"51"	"2"	"参考来源"
"TA-Encyclopedia\07_Math_CS\几何算法.md"	"13"	"1"	"几何算法"
"TA-Encyclopedia\07_Math_CS\几何算法.md"	"15"	"2"	"定义与解释"
"TA-Encyclopedia\07_Math_CS\几何算法.md"	"19"	"2"	"核心原理"
"TA-Encyclopedia\07_Math_CS\几何算法.md"	"25"	"2"	"用途"
"TA-Encyclopedia\07_Math_CS\几何算法.md"	"31"	"2"	"与其他概念的区别"
"TA-Encyclopedia\07_Math_CS\几何算法.md"	"38"	"2"	"常见误区"
"TA-Encyclopedia\07_Math_CS\几何算法.md"	"44"	"2"	"相关条目"
"TA-Encyclopedia\07_Math_CS\几何算法.md"	"51"	"2"	"参考来源"
"TA-Encyclopedia\07_Math_CS\矩阵变换.md"	"13"	"1"	"矩阵变换"
"TA-Encyclopedia\07_Math_CS\矩阵变换.md"	"15"	"2"	"定义与解释"
"TA-Encyclopedia\07_Math_CS\矩阵变换.md"	"19"	"2"	"核心原理"
"TA-Encyclopedia\07_Math_CS\矩阵变换.md"	"25"	"2"	"用途"
"TA-Encyclopedia\07_Math_CS\矩阵变换.md"	"31"	"2"	"与其他概念的区别"
"TA-Encyclopedia\07_Math_CS\矩阵变换.md"	"38"	"2"	"常见误区"
"TA-Encyclopedia\07_Math_CS\矩阵变换.md"	"44"	"2"	"相关条目"
"TA-Encyclopedia\07_Math_CS\矩阵变换.md"	"50"	"2"	"参考来源"
"TA-Encyclopedia\07_Math_CS\空间划分.md"	"13"	"1"	"空间划分"
"TA-Encyclopedia\07_Math_CS\空间划分.md"	"15"	"2"	"定义与解释"
"TA-Encyclopedia\07_Math_CS\空间划分.md"	"19"	"2"	"核心原理"
"TA-Encyclopedia\07_Math_CS\空间划分.md"	"25"	"2"	"用途"
"TA-Encyclopedia\07_Math_CS\空间划分.md"	"31"	"2"	"与其他概念的区别"
"TA-Encyclopedia\07_Math_CS\空间划分.md"	"38"	"2"	"常见误区"
"TA-Encyclopedia\07_Math_CS\空间划分.md"	"44"	"2"	"相关条目"
"TA-Encyclopedia\07_Math_CS\空间划分.md"	"50"	"2"	"参考来源"
"TA-Encyclopedia\07_Math_CS\四元数.md"	"13"	"1"	"四元数"
"TA-Encyclopedia\07_Math_CS\四元数.md"	"15"	"2"	"定义与解释"
"TA-Encyclopedia\07_Math_CS\四元数.md"	"19"	"2"	"核心原理"
"TA-Encyclopedia\07_Math_CS\四元数.md"	"25"	"2"	"用途"
"TA-Encyclopedia\07_Math_CS\四元数.md"	"31"	"2"	"与其他概念的区别"
"TA-Encyclopedia\07_Math_CS\四元数.md"	"38"	"2"	"常见误区"
"TA-Encyclopedia\07_Math_CS\四元数.md"	"44"	"2"	"相关条目"
"TA-Encyclopedia\07_Math_CS\四元数.md"	"50"	"2"	"参考来源"
"TA-Encyclopedia\07_Math_CS\图形学算法题.md"	"13"	"1"	"图形学算法题"
"TA-Encyclopedia\07_Math_CS\图形学算法题.md"	"15"	"2"	"定义与解释"
"TA-Encyclopedia\07_Math_CS\图形学算法题.md"	"19"	"2"	"核心原理"
"TA-Encyclopedia\07_Math_CS\图形学算法题.md"	"25"	"2"	"用途"
"TA-Encyclopedia\07_Math_CS\图形学算法题.md"	"31"	"2"	"与其他概念的区别"
"TA-Encyclopedia\07_Math_CS\图形学算法题.md"	"38"	"2"	"常见误区"
"TA-Encyclopedia\07_Math_CS\图形学算法题.md"	"44"	"2"	"相关条目"
"TA-Encyclopedia\07_Math_CS\图形学算法题.md"	"50"	"2"	"参考来源"
"TA-Encyclopedia\07_Math_CS\线性代数.md"	"13"	"1"	"线性代数"
"TA-Encyclopedia\07_Math_CS\线性代数.md"	"15"	"2"	"定义与解释"
"TA-Encyclopedia\07_Math_CS\线性代数.md"	"19"	"2"	"核心原理"
"TA-Encyclopedia\07_Math_CS\线性代数.md"	"25"	"2"	"用途"
"TA-Encyclopedia\07_Math_CS\线性代数.md"	"31"	"2"	"与其他概念的区别"
"TA-Encyclopedia\07_Math_CS\线性代数.md"	"38"	"2"	"常见误区"
"TA-Encyclopedia\07_Math_CS\线性代数.md"	"44"	"2"	"相关条目"
"TA-Encyclopedia\07_Math_CS\线性代数.md"	"51"	"2"	"参考来源"
"TA-Encyclopedia\07_Math_CS\向量.md"	"14"	"1"	"向量"
"TA-Encyclopedia\07_Math_CS\向量.md"	"16"	"2"	"定义与解释"
"TA-Encyclopedia\07_Math_CS\向量.md"	"20"	"2"	"核心原理"
"TA-Encyclopedia\07_Math_CS\向量.md"	"26"	"2"	"用途"
"TA-Encyclopedia\07_Math_CS\向量.md"	"32"	"2"	"与其他概念的区别"
"TA-Encyclopedia\07_Math_CS\向量.md"	"39"	"2"	"常见误区"
"TA-Encyclopedia\07_Math_CS\向量.md"	"45"	"2"	"相关条目"
"TA-Encyclopedia\07_Math_CS\向量.md"	"51"	"2"	"参考来源"
"TA-Encyclopedia\07_Math_CS\游戏AI.md"	"14"	"1"	"游戏AI"
"TA-Encyclopedia\07_Math_CS\游戏AI.md"	"16"	"2"	"定义与解释"
"TA-Encyclopedia\07_Math_CS\游戏AI.md"	"20"	"2"	"核心原理"
"TA-Encyclopedia\07_Math_CS\游戏AI.md"	"26"	"2"	"用途"
"TA-Encyclopedia\07_Math_CS\游戏AI.md"	"32"	"2"	"与其他概念的区别"
"TA-Encyclopedia\07_Math_CS\游戏AI.md"	"39"	"2"	"常见误区"
"TA-Encyclopedia\07_Math_CS\游戏AI.md"	"45"	"2"	"相关条目"
"TA-Encyclopedia\07_Math_CS\游戏AI.md"	"51"	"2"	"参考来源"
"TA-Encyclopedia\07_Math_CS\A星.md"	"15"	"1"	"A星"
"TA-Encyclopedia\07_Math_CS\A星.md"	"17"	"2"	"定义与解释"
"TA-Encyclopedia\07_Math_CS\A星.md"	"21"	"2"	"核心原理"
"TA-Encyclopedia\07_Math_CS\A星.md"	"27"	"2"	"用途"
"TA-Encyclopedia\07_Math_CS\A星.md"	"33"	"2"	"与其他概念的区别"
"TA-Encyclopedia\07_Math_CS\A星.md"	"40"	"2"	"常见误区"
"TA-Encyclopedia\07_Math_CS\A星.md"	"46"	"2"	"相关条目"
"TA-Encyclopedia\07_Math_CS\A星.md"	"52"	"2"	"参考来源"
"TA-Encyclopedia\07_Math_CS\AABB_OBB.md"	"13"	"1"	"AABB_OBB"
"TA-Encyclopedia\07_Math_CS\AABB_OBB.md"	"15"	"2"	"定义与解释"
"TA-Encyclopedia\07_Math_CS\AABB_OBB.md"	"19"	"2"	"核心原理"
"TA-Encyclopedia\07_Math_CS\AABB_OBB.md"	"25"	"2"	"用途"
"TA-Encyclopedia\07_Math_CS\AABB_OBB.md"	"31"	"2"	"与其他概念的区别"
"TA-Encyclopedia\07_Math_CS\AABB_OBB.md"	"38"	"2"	"常见误区"
"TA-Encyclopedia\07_Math_CS\AABB_OBB.md"	"44"	"2"	"相关条目"
"TA-Encyclopedia\07_Math_CS\AABB_OBB.md"	"50"	"2"	"参考来源"
"TA-Encyclopedia\07_Math_CS\BVH.md"	"15"	"1"	"BVH"
"TA-Encyclopedia\07_Math_CS\BVH.md"	"17"	"2"	"定义与解释"
"TA-Encyclopedia\07_Math_CS\BVH.md"	"21"	"2"	"核心原理"
"TA-Encyclopedia\07_Math_CS\BVH.md"	"27"	"2"	"用途"
"TA-Encyclopedia\07_Math_CS\BVH.md"	"33"	"2"	"与其他概念的区别"
"TA-Encyclopedia\07_Math_CS\BVH.md"	"40"	"2"	"常见误区"
"TA-Encyclopedia\07_Math_CS\BVH.md"	"46"	"2"	"相关条目"
"TA-Encyclopedia\07_Math_CS\BVH.md"	"52"	"2"	"参考来源"
"TA-Encyclopedia\07_Math_CS\Dijkstra.md"	"14"	"1"	"Dijkstra"
"TA-Encyclopedia\07_Math_CS\Dijkstra.md"	"16"	"2"	"定义与解释"
"TA-Encyclopedia\07_Math_CS\Dijkstra.md"	"20"	"2"	"核心原理"
"TA-Encyclopedia\07_Math_CS\Dijkstra.md"	"26"	"2"	"用途"
"TA-Encyclopedia\07_Math_CS\Dijkstra.md"	"32"	"2"	"与其他概念的区别"
"TA-Encyclopedia\07_Math_CS\Dijkstra.md"	"39"	"2"	"常见误区"
"TA-Encyclopedia\07_Math_CS\Dijkstra.md"	"45"	"2"	"相关条目"
"TA-Encyclopedia\07_Math_CS\Dijkstra.md"	"51"	"2"	"参考来源"
"TA-Encyclopedia\07_Math_CS\Frustum Culling.md"	"14"	"1"	"Frustum Culling"
"TA-Encyclopedia\07_Math_CS\Frustum Culling.md"	"16"	"2"	"定义与解释"
"TA-Encyclopedia\07_Math_CS\Frustum Culling.md"	"20"	"2"	"核心原理"
"TA-Encyclopedia\07_Math_CS\Frustum Culling.md"	"26"	"2"	"用途"
"TA-Encyclopedia\07_Math_CS\Frustum Culling.md"	"32"	"2"	"与其他概念的区别"
"TA-Encyclopedia\07_Math_CS\Frustum Culling.md"	"39"	"2"	"常见误区"
"TA-Encyclopedia\07_Math_CS\Frustum Culling.md"	"45"	"2"	"相关条目"
"TA-Encyclopedia\07_Math_CS\Frustum Culling.md"	"51"	"2"	"参考来源"
"TA-Encyclopedia\07_Math_CS\Graph.md"	"14"	"1"	"Graph"
"TA-Encyclopedia\07_Math_CS\Graph.md"	"16"	"2"	"定义与解释"
"TA-Encyclopedia\07_Math_CS\Graph.md"	"20"	"2"	"核心原理"
"TA-Encyclopedia\07_Math_CS\Graph.md"	"26"	"2"	"用途"
"TA-Encyclopedia\07_Math_CS\Graph.md"	"32"	"2"	"与其他概念的区别"
"TA-Encyclopedia\07_Math_CS\Graph.md"	"39"	"2"	"常见误区"
"TA-Encyclopedia\07_Math_CS\Graph.md"	"45"	"2"	"相关条目"
"TA-Encyclopedia\07_Math_CS\Graph.md"	"51"	"2"	"参考来源"
"TA-Encyclopedia\07_Math_CS\Lerp.md"	"15"	"1"	"Lerp"
"TA-Encyclopedia\07_Math_CS\Lerp.md"	"17"	"2"	"定义与解释"
"TA-Encyclopedia\07_Math_CS\Lerp.md"	"21"	"2"	"核心原理"
"TA-Encyclopedia\07_Math_CS\Lerp.md"	"27"	"2"	"用途"
"TA-Encyclopedia\07_Math_CS\Lerp.md"	"33"	"2"	"与其他概念的区别"
"TA-Encyclopedia\07_Math_CS\Lerp.md"	"40"	"2"	"常见误区"
"TA-Encyclopedia\07_Math_CS\Lerp.md"	"46"	"2"	"相关条目"
"TA-Encyclopedia\07_Math_CS\Lerp.md"	"52"	"2"	"参考来源"
"TA-Encyclopedia\07_Math_CS\Ray.md"	"14"	"1"	"Ray"
"TA-Encyclopedia\07_Math_CS\Ray.md"	"16"	"2"	"定义与解释"
"TA-Encyclopedia\07_Math_CS\Ray.md"	"20"	"2"	"核心原理"
"TA-Encyclopedia\07_Math_CS\Ray.md"	"26"	"2"	"用途"
"TA-Encyclopedia\07_Math_CS\Ray.md"	"32"	"2"	"与其他概念的区别"
"TA-Encyclopedia\07_Math_CS\Ray.md"	"39"	"2"	"常见误区"
"TA-Encyclopedia\07_Math_CS\Ray.md"	"45"	"2"	"相关条目"
"TA-Encyclopedia\07_Math_CS\Ray.md"	"51"	"2"	"参考来源"
"TA-Encyclopedia\07_Math_CS\Raycast.md"	"14"	"1"	"Raycast"
"TA-Encyclopedia\07_Math_CS\Raycast.md"	"16"	"2"	"定义与解释"
"TA-Encyclopedia\07_Math_CS\Raycast.md"	"20"	"2"	"核心原理"
"TA-Encyclopedia\07_Math_CS\Raycast.md"	"26"	"2"	"用途"
"TA-Encyclopedia\07_Math_CS\Raycast.md"	"32"	"2"	"与其他概念的区别"
"TA-Encyclopedia\07_Math_CS\Raycast.md"	"39"	"2"	"常见误区"
"TA-Encyclopedia\07_Math_CS\Raycast.md"	"45"	"2"	"相关条目"
"TA-Encyclopedia\07_Math_CS\Raycast.md"	"51"	"2"	"参考来源"
"TA-Encyclopedia\07_Math_CS\README.md"	"12"	"1"	"07_Math_CS"
"TA-Encyclopedia\07_Math_CS\README.md"	"16"	"2"	"推荐阅读顺序"
"TA-Encyclopedia\07_Math_CS\README.md"	"32"	"2"	"数学基础"
"TA-Encyclopedia\07_Math_CS\README.md"	"43"	"2"	"几何与空间查询"
"TA-Encyclopedia\07_Math_CS\README.md"	"53"	"2"	"算法练习"
"TA-Encyclopedia\07_Math_CS\Slerp.md"	"15"	"1"	"Slerp"
"TA-Encyclopedia\07_Math_CS\Slerp.md"	"17"	"2"	"定义与解释"
"TA-Encyclopedia\07_Math_CS\Slerp.md"	"21"	"2"	"核心原理"
"TA-Encyclopedia\07_Math_CS\Slerp.md"	"27"	"2"	"用途"
"TA-Encyclopedia\07_Math_CS\Slerp.md"	"33"	"2"	"与其他概念的区别"
"TA-Encyclopedia\07_Math_CS\Slerp.md"	"40"	"2"	"常见误区"
"TA-Encyclopedia\07_Math_CS\Slerp.md"	"46"	"2"	"相关条目"
"TA-Encyclopedia\07_Math_CS\Slerp.md"	"52"	"2"	"参考来源"
"TA-Encyclopedia\90_Templates\对比表模板.md"	"12"	"1"	"对比表标题"
"TA-Encyclopedia\90_Templates\工程实践模板.md"	"12"	"1"	"工程实践标题"
"TA-Encyclopedia\90_Templates\工程实践模板.md"	"14"	"2"	"背景"
"TA-Encyclopedia\90_Templates\工程实践模板.md"	"18"	"2"	"目标"
"TA-Encyclopedia\90_Templates\工程实践模板.md"	"22"	"2"	"环境"
"TA-Encyclopedia\90_Templates\工程实践模板.md"	"28"	"2"	"实施步骤"
"TA-Encyclopedia\90_Templates\工程实践模板.md"	"34"	"2"	"验证方式"
"TA-Encyclopedia\90_Templates\工程实践模板.md"	"38"	"2"	"风险与回滚"
"TA-Encyclopedia\90_Templates\工程实践模板.md"	"42"	"2"	"复盘"
"TA-Encyclopedia\90_Templates\条目模板.md"	"13"	"1"	"条目标题"
"TA-Encyclopedia\90_Templates\条目模板.md"	"15"	"2"	"定义与解释"
"TA-Encyclopedia\90_Templates\条目模板.md"	"19"	"2"	"核心原理"
"TA-Encyclopedia\90_Templates\条目模板.md"	"30"	"2"	"用途"
"TA-Encyclopedia\90_Templates\条目模板.md"	"40"	"2"	"与其他概念的区别"
"TA-Encyclopedia\90_Templates\条目模板.md"	"47"	"2"	"常见误区"
"TA-Encyclopedia\90_Templates\条目模板.md"	"53"	"2"	"相关条目"
"TA-Encyclopedia\90_Templates\条目模板.md"	"59"	"2"	"参考来源"
"TA-Encyclopedia\91_Sources\reference_policy.md"	"12"	"1"	"Reference Policy"
"TA-Encyclopedia\91_Sources\reference_policy.md"	"14"	"2"	"引用原则"
"TA-Encyclopedia\91_Sources\reference_policy.md"	"21"	"2"	"可信度标记"
"TA-Encyclopedia\91_Sources\source_registry.md"	"12"	"1"	"Source Registry"
"TA-Encyclopedia\92_Codex\CODEX_BACKLOG.md"	"12"	"1"	"CODEX_BACKLOG"
"TA-Encyclopedia\92_Codex\CODEX_BACKLOG.md"	"14"	"2"	"已完成"
"TA-Encyclopedia\92_Codex\CODEX_BACKLOG.md"	"24"	"2"	"可选增强"
"TA-Encyclopedia\92_Codex\CODEX_BACKLOG.md"	"33"	"2"	"版本复核"
"TA-Encyclopedia\92_Codex\CODEX_HARNESS.md"	"12"	"1"	"CODEX_HARNESS"
"TA-Encyclopedia\92_Codex\CODEX_HARNESS.md"	"16"	"2"	"默认任务"
"TA-Encyclopedia\92_Codex\CODEX_HARNESS.md"	"22"	"2"	"约束"
"TA-Encyclopedia\92_Codex\CODEX_REVIEW_CHECKLIST.md"	"11"	"1"	"CODEX_REVIEW_CHECKLIST"
"TA-Encyclopedia\92_Codex\CODEX_REVIEW_CHECKLIST.md"	"15"	"2"	"内容检查"
"TA-Encyclopedia\92_Codex\CODEX_REVIEW_CHECKLIST.md"	"24"	"2"	"结构检查"
"TA-Encyclopedia\92_Codex\CODEX_REVIEW_CHECKLIST.md"	"32"	"2"	"可信度检查"
"TA-Encyclopedia\92_Codex\CODEX_REVIEW_CHECKLIST.md"	"38"	"2"	"Git 检查"
"TA-Encyclopedia\92_Codex\CODEX_STYLE_GUIDE.md"	"11"	"1"	"CODEX_STYLE_GUIDE"
"TA-Encyclopedia\92_Codex\CODEX_STYLE_GUIDE.md"	"13"	"2"	"语言风格"
"TA-Encyclopedia\92_Codex\CODEX_STYLE_GUIDE.md"	"29"	"2"	"术语规则"
"TA-Encyclopedia\92_Codex\CODEX_STYLE_GUIDE.md"	"54"	"2"	"条目深度"
"TA-Encyclopedia\92_Codex\CODEX_STYLE_GUIDE.md"	"68"	"2"	"内容可信度"
"TA-Encyclopedia\92_Codex\CODEX_STYLE_GUIDE.md"	"76"	"2"	"Obsidian 链接规则"
"TA-Encyclopedia\92_Codex\CODEX_STYLE_GUIDE.md"	"88"	"2"	"文件命名规则"
"TA-Encyclopedia\92_Codex\CODEX_TASK_TEMPLATE.md"	"11"	"1"	"Codex Task Template"
"TA-Encyclopedia\92_Codex\CODEX_TASK_TEMPLATE.md"	"13"	"2"	"任务目标"
"TA-Encyclopedia\92_Codex\CODEX_TASK_TEMPLATE.md"	"23"	"2"	"必须阅读"
"TA-Encyclopedia\92_Codex\CODEX_TASK_TEMPLATE.md"	"33"	"2"	"输出要求"
"TA-Encyclopedia\92_Codex\CODEX_TASK_TEMPLATE.md"	"49"	"2"	"写作要求"
"TA-Encyclopedia\92_Codex\CODEX_TASK_TEMPLATE.md"	"60"	"2"	"验收标准"
"图形学\note_01.md"	"1"	"1"	"游戏引擎架构、开发流程与图形学环境搭建"
"图形学\note_01.md"	"3"	"2"	"一、 核心知识点与原理剖析"
"图形学\note_01.md"	"5"	"3"	"1. 游戏引擎系统分层架构"
"图形学\note_01.md"	"26"	"3"	"2. 游戏开发流程与生命周期模型"
"图形学\note_01.md"	"41"	"3"	"3. 技术美术（TA）的职业方向细分"
"图形学\note_01.md"	"48"	"3"	"4. 课程大纲规划"
"图形学\note_01.md"	"54"	"2"	"二、 重点术语与概念解析"
"图形学\note_01.md"	"67"	"2"	"三、 工程经验与避坑指南"
"图形学\note_01.md"	"69"	"3"	"1. Game Jam 与团队协作避坑"
"图形学\note_01.md"	"74"	"3"	"2. 外部资产迁移与匹配避坑"
"图形学\note_01.md"	"79"	"3"	"3. 图形学环境搭建避坑（强制要求）"
"图形学\note_01.md"	"84"	"3"	"4. 面试求职与职业发展避坑"
"图形学\note_02.md"	"1"	"1"	"图形学与渲染基础入门"
"图形学\note_02.md"	"3"	"2"	"一、 核心知识点与原理剖析"
"图形学\note_02.md"	"5"	"3"	"1. 图形处理与图像处理的区别"
"图形学\note_02.md"	"10"	"3"	"2. 基础数据类型与内存运算"
"图形学\note_02.md"	"15"	"3"	"3. 图形学底层 API 与 Shader"
"图形学\note_02.md"	"22"	"3"	"4. 渲染管线与绘制流程"
"图形学\note_02.md"	"35"	"3"	"5. 基本图元 (Primitives) 与绘制方式"
"图形学\note_02.md"	"41"	"3"	"6. 图形学核心数学基础"
"图形学\note_02.md"	"56"	"2"	"二、 重点术语与概念解析"
"图形学\note_02.md"	"64"	"2"	"三、 工程经验与避坑指南"
"图形学\note_02.md"	"66"	"3"	"1. 行业与职业发展建议"
"图形学\note_02.md"	"71"	"3"	"2. 性能优化与开发规范"
"图形学\note_02.md"	"77"	"3"	"3. 环境配置与调试避坑"
"图形学\note_03.md"	"1"	"1"	"图形渲染管线、图形API与性能优化核心指南"
"图形学\note_03.md"	"3"	"2"	"一、 核心知识点与原理剖析"
"图形学\note_03.md"	"5"	"3"	"1. 游戏开发中的性能优化策略"
"图形学\note_03.md"	"20"	"3"	"2. CPU与GPU的算力分配与总线优化"
"图形学\note_03.md"	"31"	"3"	"3. 主流图形API与渲染架构"
"图形学\note_03.md"	"40"	"3"	"4. GPU图形渲染管线（Rendering Pipeline）四个核心阶段"
"图形学\note_03.md"	"58"	"2"	"二、 重点术语与概念解析"
"图形学\note_03.md"	"67"	"2"	"三、 工程经验与避坑指南"
"图形学\note_03.md"	"83"	"2"	"四、 课后思考与作业"
"图形学\note_04.md"	"1"	"1"	"渲染管线宏观流程与帧分析工具实践"
"图形学\note_04.md"	"3"	"2"	"一、 核心知识点与原理剖析"
"图形学\note_04.md"	"5"	"3"	"1. 渲染管线回顾与裁剪（Clipping）原理"
"图形学\note_04.md"	"12"	"3"	"2. GPU渲染输出与双缓冲机制（Double Buffering）"
"图形学\note_04.md"	"17"	"3"	"3. 帧率（FPS）、刷新率与画面撕裂"
"图形学\note_04.md"	"23"	"3"	"4. Overdraw（重绘）现象与性能优化"
"图形学\note_04.md"	"27"	"3"	"5. 三维模型数据结构解析（以 .x 文件为例）"
"图形学\note_04.md"	"35"	"3"	"6. 矩阵变换（Matrix Transformation）"
"图形学\note_04.md"	"41"	"3"	"7. DirectX API 演进与 Constant Buffer 设计"
"图形学\note_04.md"	"47"	"3"	"8. 着色器（Shader）编译与数据流"
"图形学\note_04.md"	"53"	"3"	"9. 渲染队列与场景渲染顺序（Render Pass）"
"图形学\note_04.md"	"61"	"3"	"10. 主线程与渲染线程架构"
"图形学\note_04.md"	"66"	"3"	"11. 2D 游戏渲染的特殊性"
"图形学\note_04.md"	"71"	"2"	"二、 重点术语与概念解析"
"图形学\note_04.md"	"80"	"2"	"三、 工程经验与避坑指南"
"图形学\note_04.md"	"82"	"3"	"1. 技术学习与代码实践避坑"
"图形学\note_04.md"	"87"	"3"	"2. 开发与资源规范避坑"
"图形学\note_04.md"	"91"	"3"	"3. 工具使用与行业现状杂谈"
"图形学\note_05.md"	"1"	"1"	"图形学渲染管线与阴影技术详解 (Forward/Deferred/Shadow Map)"
"图形学\note_05.md"	"3"	"2"	"一、 核心知识点与原理剖析"
"图形学\note_05.md"	"5"	"3"	"1. 基础阴影技术：平面映射（“拍饼”操作）"
"图形学\note_05.md"	"17"	"3"	"2. 投射阴影（Projective Shadow）"
"图形学\note_05.md"	"26"	"3"	"3. 渲染目标（Render Target, RT）与离屏渲染"
"图形学\note_05.md"	"35"	"3"	"4. 核心渲染管线剖析（Render Pipeline）"
"图形学\note_05.md"	"55"	"3"	"5. 现代阴影核心：Shadow Map 与摩尔纹抗锯齿"
"图形学\note_05.md"	"64"	"3"	"6. 软阴影算法演进（Soft Shadows）"
"图形学\note_05.md"	"71"	"2"	"二、 重点术语与概念解析"
"图形学\note_05.md"	"79"	"2"	"三、 工程经验与避坑指南"
"图形学\note_06.md"	"1"	"1"	"游戏渲染管线与图形学帧分析实战 (基于 IGPA)"
"图形学\note_06.md"	"3"	"2"	"一、 核心知识点与原理剖析"
"图形学\note_06.md"	"5"	"3"	"1. 图形帧截取与反作弊绕过技巧 (IGPA实战)"
"图形学\note_06.md"	"14"	"3"	"2. 前向渲染与经典游戏渲染策略剖析"
"图形学\note_06.md"	"41"	"3"	"3. 阴影映射技术 (Shadow Map) 深度解析"
"图形学\note_06.md"	"55"	"3"	"4. 延迟渲染 (Deferred Rendering) 与级联阴影 (CSM)"
"图形学\note_06.md"	"66"	"3"	"5. 法线贴图 (Normal Map) 与切线空间 (Tangent Space) 数学本质"
"图形学\note_06.md"	"81"	"2"	"二、 重点术语与概念解析"
"图形学\note_06.md"	"92"	"2"	"三、 工程经验与避坑指南"
"图形学\note_06.md"	"94"	"3"	"1. 技术选型与性能优化心法"
"图形学\note_06.md"	"99"	"3"	"2. 逆向分析操作避坑指南"
"图形学\note_06.md"	"104"	"3"	"3. 行业发展与职场闲话"
"图形学\note_07.md"	"1"	"1"	"计算机图形学与渲染笔记：法线空间、传统光照模型与卡通渲染理论"
"图形学\note_07.md"	"3"	"2"	"一、 核心知识点与原理剖析"
"图形学\note_07.md"	"5"	"3"	"1. 法线与法线贴图 (Normal & Normal Maps)"
"图形学\note_07.md"	"25"	"3"	"2. 法线的高阶应用：置换贴图与视差映射"
"图形学\note_07.md"	"38"	"3"	"3. 传统光照模型发展史"
"图形学\note_07.md"	"70"	"3"	"4. 全局光照 (Global Illumination / GI) 与 PBR 前置概念"
"图形学\note_07.md"	"76"	"3"	"5. 卡通渲染 (NPR / Toon Shading) 核心技术"
"图形学\note_07.md"	"94"	"2"	"二、 重点术语与概念解析"
"图形学\note_07.md"	"104"	"2"	"三、 工程经验与避坑指南"
"图形学\note_07.md"	"106"	"3"	"1. 建模与拓扑避坑 (关于顶点法线)"
"图形学\note_07.md"	"111"	"3"	"2. 贴图与多重 UV (Multi-UV) 策略"
"图形学\note_07.md"	"115"	"3"	"3. 次世代脸部渲染 Hack (米哈游/二次元方案)"
"图形学\note_07.md"	"118"	"3"	"4. 工具与生态信息"
"图形学\note_08.md"	"1"	"1"	"游戏引擎渲染进阶：PBR物理渲染、光照管线与后处理技术"
"图形学\note_08.md"	"3"	"2"	"一、 核心知识点与原理剖析"
"图形学\note_08.md"	"5"	"3"	"1. 基于物理的渲染 (PBR - Physically Based Rendering)"
"图形学\note_08.md"	"14"	"3"	"2. 线性空间 (Linear Space) 与 伽马空间 (Gamma Space)"
"图形学\note_08.md"	"19"	"3"	"3. 色调映射 (Tone Mapping)"
"图形学\note_08.md"	"24"	"3"	"4. 双向反射分布函数 (BRDF)"
"图形学\note_08.md"	"33"	"3"	"5. Unity 中的光照与 BRDF 实现"
"图形学\note_08.md"	"38"	"3"	"6. 光照烘焙 (Lightmap) 与 反射探针 (Reflection Probe)"
"图形学\note_08.md"	"42"	"3"	"7. 延迟渲染 (Deferred Rendering) 与 G-Buffer"
"图形学\note_08.md"	"47"	"3"	"8. 实时环境遮蔽 (SSAO - Screen Space Ambient Occlusion)"
"图形学\note_08.md"	"51"	"3"	"9. 动态高光 / 泛光 (Dynamic Highlight / Bloom)"
"图形学\note_08.md"	"58"	"2"	"二、 重点术语与概念解析"
"图形学\note_08.md"	"70"	"2"	"三、 工程经验与避坑指南"
"图形学\note_08.md"	"72"	"3"	"1. 光照烘焙 (Lightmap) 的内存控制与流工作流"
"图形学\note_08.md"	"76"	"3"	"2. 泛光 (Bloom) 后处理的性能陷阱"
"图形学\note_08.md"	"79"	"3"	"3. Android 端截屏/录屏 (Frame Capture) 的系统级权限踩坑"
"图形学\note_08.md"	"84"	"3"	"4. 图形调试工具选择 (RenderDoc vs. Intel GPA)"
"图形学\note_09.md"	"1"	"1"	"游戏引擎与图形学高级渲染：镜面反射、后处理与抗锯齿技术"
"图形学\note_09.md"	"3"	"2"	"一、 核心知识点与原理剖析"
"图形学\note_09.md"	"5"	"3"	"1. 镜面反射（倒影）的渲染实现"
"图形学\note_09.md"	"25"	"3"	"2. 后处理（Post-Processing）概述"
"图形学\note_09.md"	"36"	"3"	"3. 抗锯齿（AA）技术演进与原理解析"
"图形学\note_09.md"	"73"	"2"	"二、 重点术语与概念解析"
"图形学\note_09.md"	"80"	"2"	"三、 工程经验与避坑指南"
"图形学\note_09.md"	"82"	"3"	"1. 跨平台抗锯齿技术选型策略"
"图形学\note_09.md"	"87"	"3"	"2. 渲染流程的设计与防坑"
"图形学\note_09.md"	"92"	"3"	"3. XR 前沿生态与职业洞察"
"图形学\note_10.md"	"1"	"1"	"图形学与游戏引擎终极性能优化及 AIGC 行业应用"
"图形学\note_10.md"	"3"	"2"	"一、 核心知识点与原理剖析"
"图形学\note_10.md"	"5"	"3"	"1. 游戏性能优化概述与核心策略"
"图形学\note_10.md"	"15"	"3"	"2. 游戏优化关注指标优先级（按重要性排序）"
"图形学\note_10.md"	"23"	"3"	"3. 性能分析工具集与使用方法"
"图形学\note_10.md"	"34"	"3"	"4. 渲染管线瓶颈分析：CPU 与 GPU 协同"
"图形学\note_10.md"	"49"	"3"	"5. 核心渲染优化手段详述"
"图形学\note_10.md"	"74"	"3"	"6. 数据与内存深层优化：JSON 瓶颈"
"图形学\note_10.md"	"80"	"3"	"7. AIGC 在 3D 游戏制作中的应用与现状"
"图形学\note_10.md"	"93"	"2"	"二、 重点术语与概念解析"
"图形学\note_10.md"	"104"	"2"	"三、 工程经验与避坑指南"
"图形学\note_10.md"	"106"	"3"	"1. 团队沟通与“防雷”指南"
"图形学\note_10.md"	"110"	"3"	"2. 贴图与资产制作避坑"
"图形学\note_10.md"	"115"	"3"	"3. AIGC 工具的真实工作体感"
"图形工程\note_01.md"	"1"	"1"	"游戏引擎底层架构：Windows操作系统、Win32编程与COM组件模型基础"
"图形工程\note_01.md"	"3"	"2"	"一、 核心知识点与原理剖析"
"图形工程\note_01.md"	"5"	"3"	"1. 游戏渲染底层的架构层级"
"图形工程\note_01.md"	"13"	"3"	"2. C++ 程序运行机制与汇编基础 (面向Shader优化的前置知识)"
"图形工程\note_01.md"	"24"	"3"	"3. Windows VC++ 基础：应用程序入口点与字符集"
"图形工程\note_01.md"	"34"	"3"	"4. Win32 窗口生命周期与创建流程"
"图形工程\note_01.md"	"51"	"3"	"5. 消息循环 (Message Loop) 与事件驱动模型"
"图形工程\note_01.md"	"65"	"3"	"6. 窗口过程函数 (`WndProc`) 深度解析"
"图形工程\note_01.md"	"82"	"3"	"7. COM组件对象模型 (Component Object Model)"
"图形工程\note_01.md"	"105"	"2"	"二、 重点术语与概念解析"
"图形工程\note_01.md"	"115"	"2"	"三、 工程经验与避坑指南"
"图形工程\note_01.md"	"117"	"3"	"1. 代码层面的硬性“避坑”规范"
"图形工程\note_01.md"	"123"	"3"	"2. 开发效率与工具链建议"
"图形工程\note_02.md"	"1"	"1"	"Direct3D 11 渲染基础与 CPU 端图形管线编程"
"图形工程\note_02.md"	"3"	"2"	"一、 核心知识点与原理剖析"
"图形工程\note_02.md"	"5"	"3"	"1. 图形数据与 NDC 空间 (Normalized Device Coordinates)"
"图形工程\note_02.md"	"11"	"3"	"2. 渲染管线 (Graphics Pipeline) 核心阶段"
"图形工程\note_02.md"	"31"	"3"	"3. D3D11 与 DXGI 硬件设备初始化"
"图形工程\note_02.md"	"43"	"3"	"4. 图形资源与视图 (Views) 创建"
"图形工程\note_02.md"	"51"	"3"	"5. 着色器编译与输入布局 (Input Layout)"
"图形工程\note_02.md"	"66"	"3"	"6. 渲染循环组装与 Draw Call"
"图形工程\note_02.md"	"85"	"2"	"二、 重点术语与概念解析"
"图形工程\note_02.md"	"95"	"2"	"三、 工程经验与避坑指南"
"图形工程\note_02.md"	"97"	"3"	"1. 窗口渲染与 C# 消息循环卡死避坑"
"图形工程\note_02.md"	"101"	"3"	"2. HLSL 文件编码报错 `X3000 Illegal character`"
"图形工程\note_02.md"	"106"	"3"	"3. 着色器版本参数限制 (Profile Level)"
"图形工程\note_02.md"	"109"	"3"	"4. C# 内存释放与指针语法"
"图形工程\note_02.md"	"113"	"3"	"5. 学习书籍推荐（彩蛋）"
"图形工程\note_03.md"	"1"	"1"	"HLSL 着色器开发与图形渲染管线深度解析"
"图形工程\note_03.md"	"3"	"2"	"一、 核心知识点与原理剖析"
"图形工程\note_03.md"	"5"	"3"	"1. 渲染管线中 CPU 代码的功能定位"
"图形工程\note_03.md"	"17"	"3"	"2. 着色器语言体系演进"
"图形工程\note_03.md"	"23"	"3"	"3. HLSL 基础数据类型与内存机制"
"图形工程\note_03.md"	"54"	"3"	"4. HLSL 内置函数与数学运算"
"图形工程\note_03.md"	"72"	"3"	"5. 控制流与布尔运算的坑点"
"图形工程\note_03.md"	"79"	"3"	"6. 语义绑定体系 (Semantics)"
"图形工程\note_03.md"	"86"	"3"	"7. 常量缓冲区 (Constant Buffer) 的底层逻辑与实现"
"图形工程\note_03.md"	"116"	"3"	"8. 纹理与采样器"
"图形工程\note_03.md"	"136"	"2"	"二、 重点术语与概念解析"
"图形工程\note_03.md"	"151"	"2"	"三、 工程经验与避坑指南"
"图形工程\note_03.md"	"153"	"3"	"1. 浮点数计算避坑"
"图形工程\note_03.md"	"165"	"3"	"2. 坐标系与空间直觉的建立"
"图形工程\note_03.md"	"174"	"3"	"3. 引擎底层机制揭秘：Unity 的 Shader 黑盒"
"图形工程\note_03.md"	"179"	"3"	"4. 纯数学程序化渲染 (Procedural Rendering)"
"图形工程\note_04.md"	"1"	"1"	"实时渲染发展史与技术美术（TA）核心基础"
"图形工程\note_04.md"	"3"	"2"	"一、 核心知识点与原理剖析"
"图形工程\note_04.md"	"5"	"3"	"1. 2D点阵与早期硬件时代的起源 (1962-1980s)"
"图形工程\note_04.md"	"14"	"3"	"2. 早期3D与伪3D技术的探索 (1990s)"
"图形工程\note_04.md"	"19"	"3"	"3. 软件渲染（纯CPU）的巅峰时期 (1993-1996)"
"图形工程\note_04.md"	"24"	"3"	"4. 硬件加速与GPU革命（固定管线时代） (1996-2000)"
"图形工程\note_04.md"	"33"	"3"	"5. 可编程着色器（Programmable Shader）革命 (2001-2006)"
"图形工程\note_04.md"	"43"	"3"	"6. 统一着色器与现代管线架构 (2006-2010s)"
"图形工程\note_04.md"	"51"	"3"	"7. 基于物理的渲染（PBR）革命 (2012-至今)"
"图形工程\note_04.md"	"60"	"3"	"8. 光线追踪（Ray Tracing）与全局光照（GI）"
"图形工程\note_04.md"	"72"	"3"	"9. 前沿未来技术（AI与图形学的融合）"
"图形工程\note_04.md"	"78"	"3"	"10. 风格化渲染（NPR - Non-Photorealistic Rendering）"
"图形工程\note_04.md"	"87"	"3"	"11. 图形工程与技术美术（TA）的核心职能"
"图形工程\note_04.md"	"104"	"2"	"二、 重点术语与概念解析"
"图形工程\note_04.md"	"125"	"2"	"三、 工程经验与避坑指南"
"图形工程\note_04.md"	"127"	"3"	"1. 引擎与API的工程博弈"
"图形工程\note_04.md"	"131"	"3"	"2. 性能与效果的技术妥协"
"图形工程\note_04.md"	"136"	"3"	"3. 技术美术（TA）的职业避坑与工作流"
"图形工程\note_04.md"	"144"	"3"	"4. Q&A 与 互动探讨"
"图形工程\note_05.md"	"1"	"1"	"渲染管线与前向渲染进阶：多物体、多光源与内存对齐"
"图形工程\note_05.md"	"3"	"2"	"一、 核心知识点与原理剖析"
"图形工程\note_05.md"	"5"	"3"	"1. RenderDoc 抓帧与逆向工程基础"
"图形工程\note_05.md"	"18"	"3"	"2. 坐标系变换与 MVP 矩阵"
"图形工程\note_05.md"	"25"	"3"	"3. 常量缓冲区 (Constant Buffer) 的切分与内存对齐"
"图形工程\note_05.md"	"37"	"3"	"4. 深度缓冲 (Depth Buffer) 与深度测试"
"图形工程\note_05.md"	"43"	"3"	"5. 光照计算基础 (Lambert 漫反射)"
"图形工程\note_05.md"	"50"	"3"	"6. 多光源渲染路径探讨 (Forward Rendering)"
"图形工程\note_05.md"	"62"	"3"	"7. 半透明物体的混合与遮挡悖论"
"图形工程\note_05.md"	"71"	"2"	"二、 重点术语与概念解析"
"图形工程\note_05.md"	"83"	"2"	"三、 工程经验与避坑指南"
"图形工程\note_06.md"	"1"	"1"	"现代渲染引擎架构：从 Pass 到 Material 的进阶与 Unity ShaderLab 对应解析"
"图形工程\note_06.md"	"3"	"2"	"一、 核心知识点与原理剖析"
"图形工程\note_06.md"	"5"	"3"	"1. 光照优化回顾：单 Pass 多光源渲染"
"图形工程\note_06.md"	"16"	"3"	"2. 模型导入与索引缓冲区 (AssimpNet 应用)"
"图形工程\note_06.md"	"27"	"3"	"3. 渲染架构重构：Pass、Effect 与 Material"
"图形工程\note_06.md"	"39"	"3"	"4. 优化合批与降低 SetPass Call"
"图形工程\note_06.md"	"53"	"3"	"5. 简单描边效果 (Outline Pass) 实现"
"图形工程\note_06.md"	"60"	"3"	"6. 关联与对照：Unity ShaderLab"
"图形工程\note_06.md"	"68"	"2"	"二、 重点术语与概念解析"
"图形工程\note_06.md"	"76"	"2"	"三、 工程经验与避坑指南"
"图形工程\note_06.md"	"92"	"2"	"四、 课后作业与规划"
"图形工程\note_07.md"	"1"	"1"	"基于物理的渲染（PBR）与光照传播基础"
"图形工程\note_07.md"	"3"	"2"	"一、 核心知识点与原理剖析"
"图形工程\note_07.md"	"5"	"3"	"1. 光源与光线传播基础"
"图形工程\note_07.md"	"14"	"3"	"2. 表面反射与渲染方程"
"图形工程\note_07.md"	"24"	"3"	"3. 微表面理论与 PBR 核心（Disney Principled BRDF）"
"图形工程\note_07.md"	"47"	"3"	"4. 漫反射与能量守恒原则"
"图形工程\note_07.md"	"56"	"2"	"二、 重点术语与概念解析"
"图形工程\note_07.md"	"67"	"2"	"三、 工程经验与避坑指南"
"图形工程\note_07.md"	"69"	"3"	"1. HLSL Shader 编写与计算性能优化"
"图形工程\note_07.md"	"76"	"3"	"2. RenderDoc 图形管线排错指南"
"图形工程\note_08.md"	"1"	"1"	"Unity光照系统与渲染管线核心技术剖析"
"图形工程\note_08.md"	"3"	"2"	"一、 核心知识点与原理剖析"
"图形工程\note_08.md"	"5"	"3"	"1. 环境光照的构成基础"
"图形工程\note_08.md"	"13"	"3"	"2. 天空盒 (Skybox) 与环境反射贴图"
"图形工程\note_08.md"	"21"	"3"	"3. 全局间接光照与反射烘焙"
"图形工程\note_08.md"	"42"	"3"	"4. 后处理技术 (Post Processing)"
"图形工程\note_08.md"	"56"	"3"	"5. 渲染路径 (Rendering Paths)"
"图形工程\note_08.md"	"65"	"3"	"6. URP (通用渲染管线) 架构特性"
"图形工程\note_08.md"	"73"	"3"	"7. LOD (Level of Detail) 细节层次"
"图形工程\note_08.md"	"76"	"3"	"8. 阴影系统原理与精度瑕疵"
"图形工程\note_08.md"	"86"	"2"	"二、 重点术语与概念解析"
"图形工程\note_08.md"	"95"	"2"	"三、 工程经验与避坑指南"
"图形工程\note_08.md"	"97"	"3"	"1. 材质与场景搭建的实战经验"
"图形工程\note_08.md"	"103"	"3"	"2. 探针布置（TA / 地编核心杂活）"
"图形工程\note_08.md"	"107"	"3"	"3. 光照烘焙与后处理防坑"
"图形工程\note_09.md"	"1"	"1"	"Unity Shader进阶：渲染排序、表面着色器与噪声特效解析"
"图形工程\note_09.md"	"3"	"2"	"一、 核心知识点与原理剖析"
"图形工程\note_09.md"	"5"	"3"	"1. 渲染列表与绘制顺序 (Render List & Sorting)"
"图形工程\note_09.md"	"16"	"3"	"2. 表面着色器 (Surface Shader) 工作流"
"图形工程\note_09.md"	"29"	"3"	"3. 纹理采样与法线映射 (Texture Sampling & Normal Mapping)"
"图形工程\note_09.md"	"38"	"3"	"4. GPU 随机数与噪声生成算法 (Noise)"
"图形工程\note_09.md"	"45"	"3"	"5. 燃尽特效 (Burn-out Effect) 节点实现逻辑"
"图形工程\note_09.md"	"55"	"2"	"二、 重点术语与概念解析"
"图形工程\note_09.md"	"76"	"2"	"三、 工程经验与避坑指南"
"图形工程\note_09.md"	"78"	"3"	"1. 开发工具的避坑与替代方案"
"图形工程\note_09.md"	"82"	"3"	"2. 纹理资产的导入设置红线"
"图形工程\note_09.md"	"89"	"3"	"3. 透明度混合与深度排序的血泪史"
"图形工程\note_09.md"	"93"	"3"	"4. 找工作与职业发展方向指南 (针对技术美术/TA)"
"图形工程\note_10.md"	"1"	"1"	"Unity Built-in 表面着色器自定义光照模型与NPR渲染实现"
"图形工程\note_10.md"	"3"	"2"	"一、 核心知识点与原理剖析"
"图形工程\note_10.md"	"53"	"2"	"二、 重点术语与概念解析"
"图形工程\note_10.md"	"61"	"2"	"三、 工程经验与避坑指南"
"图形工程\note_11.md"	"1"	"1"	"游戏后处理技术：描边与水彩效果原理及Unity实现"
"图形工程\note_11.md"	"3"	"2"	"一、 核心知识点与原理剖析"
"图形工程\note_11.md"	"5"	"3"	"1. 内置管线后处理基础配置"
"图形工程\note_11.md"	"18"	"3"	"2. 描边检测原理与实现 (Outline)"
"图形工程\note_11.md"	"47"	"3"	"3. 滤波 (Filtering) 与卷积 (Convolution) 原理"
"图形工程\note_11.md"	"56"	"3"	"4. 水彩效果实现 (Watercolor Effect)"
"图形工程\note_11.md"	"79"	"2"	"二、 重点术语与概念解析"
"图形工程\note_11.md"	"90"	"2"	"三、 工程经验与避坑指南"
"图形工程\note_11.md"	"92"	"3"	"1. 深度与法线的精度问题"
"图形工程\note_11.md"	"96"	"3"	"2. 抗锯齿 (AA) 对后处理的干扰"
"图形工程\note_11.md"	"100"	"3"	"3. 多 Pass 的渲染资源释放"
"图形工程\note_11.md"	"103"	"3"	"4. 内置管线与 URP 管线后处理移植困境"
"图形工程\note_11.md"	"107"	"3"	"5. 颜色与调色的底层逻辑"
"图形工程\note_12.md"	"1"	"1"	"大气散射原理与实时渲染实现（基于 URP）"
"图形工程\note_12.md"	"3"	"2"	"一、 核心知识点与原理剖析"
"图形工程\note_12.md"	"5"	"3"	"1. 大气散射的分类与视觉表现"
"图形工程\note_12.md"	"16"	"3"	"2. 通用散射模型与消光公式"
"图形工程\note_12.md"	"24"	"3"	"3. 大气密度与尺度高度模型 (Scale Height Model)"
"图形工程\note_12.md"	"35"	"3"	"4. 离散步进积分 (Ray Marching) 与 透过率查找表 (Transmittance LUT)"
"图形工程\note_12.md"	"45"	"3"	"5. 相函数 (Phase Function)"
"图形工程\note_12.md"	"54"	"2"	"二、 重点术语与概念解析"
"图形工程\note_12.md"	"64"	"2"	"三、 工程经验与避坑指南"
"图形工程\note_12.md"	"66"	"3"	"1. Compute Shader 与 LUT 生成避坑"
"图形工程\note_12.md"	"74"	"3"	"2. URP Render Feature 半成品陷阱 (基于 Unity 2022)"
"图形工程\note_12.md"	"86"	"3"	"3. 光线步进 (Ray Marching) 的边界情况处理"
"图形工程\note_13.md"	"1"	"1"	"体积云与大气散射实时渲染进阶"
"图形工程\note_13.md"	"3"	"2"	"一、 核心知识点与原理剖析"
"图形工程\note_13.md"	"5"	"3"	"1. 大气散射回顾与预计算优化"
"图形工程\note_13.md"	"15"	"3"	"2. 太阳圆盘（Sun Disk）的渲染计算"
"图形工程\note_13.md"	"19"	"3"	"3. 体积步进采样的伪影消除与步长优化"
"图形工程\note_13.md"	"24"	"3"	"4. 体积云的基础形态与噪声雕刻"
"图形工程\note_13.md"	"38"	"3"	"5. 体积云的光照模型"
"图形工程\note_13.md"	"47"	"3"	"6. 体积云的工程性能优化方案"
"图形工程\note_13.md"	"60"	"2"	"二、 重点术语与概念解析"
"图形工程\note_13.md"	"73"	"2"	"三、 工程经验与避坑指南"
"图形工程\note_14.md"	"1"	"1"	"GPU粒子系统与计算着色器实时模拟"
"图形工程\note_14.md"	"3"	"2"	"一、 核心知识点与原理剖析"
"图形工程\note_14.md"	"5"	"3"	"1. GPU粒子系统概述与性能优势"
"图形工程\note_14.md"	"9"	"3"	"2. Compute Shader 粒子模拟机制"
"图形工程\note_14.md"	"52"	"3"	"3. 程序化渲染与 `DrawProcedural`"
"图形工程\note_14.md"	"75"	"3"	"4. GPU 并行计算与原子锁存操作（Atomic Operations）"
"图形工程\note_14.md"	"90"	"3"	"5. Billboard（公告牌）渲染技术与施密特正交化相机对齐"
"图形工程\note_14.md"	"110"	"3"	"6. 模拟与绘制分离的动态列表机制"
"图形工程\note_14.md"	"125"	"3"	"7. Built-in 管线下的光照与多 Pass 阴影采样"
"图形工程\note_14.md"	"138"	"2"	"二、 重点术语与概念解析"
"图形工程\note_14.md"	"162"	"2"	"三、 工程经验与避坑指南"
"图形工程\note_14.md"	"164"	"3"	"1. 硬件底层逻辑与《图灵完备》的启示"
"图形工程\note_14.md"	"171"	"3"	"2. DrawProcedural 包围盒（Bounds）设置陷阱"
"图形工程\note_14.md"	"175"	"3"	"3. Billboard 顶点绕行顺序导致的剔除错误"
"图形工程\note_14.md"	"179"	"3"	"4. GPU 原子计数器清零的遗漏问题"
"图形工程\note_14.md"	"183"	"3"	"5. Unity 6 与更高版本的 Built-in 兼容性警告"
"图形工程\note_15.md"	"1"	"1"	"Houdini程序化建模基础与实践"
"图形工程\note_15.md"	"3"	"2"	"一、 核心知识点与原理剖析"
"图形工程\note_15.md"	"5"	"3"	"1. 三维建模基础与底层数据结构"
"图形工程\note_15.md"	"13"	"3"	"2. Houdini 节点网络架构"
"图形工程\note_15.md"	"21"	"3"	"3. 选择机制与组 (Group) 的程序化应用"
"图形工程\note_15.md"	"35"	"3"	"4. 常用几何操作节点与参数"
"图形工程\note_15.md"	"44"	"3"	"5. 布尔运算与网格重构拓扑"
"图形工程\note_15.md"	"52"	"3"	"6. 散点、复制与体积转换控制"
"图形工程\note_15.md"	"67"	"3"	"7. 表达式与参数化暴露"
"图形工程\note_15.md"	"79"	"3"	"8. 循环结构 (For-Each Loop)"
"图形工程\note_15.md"	"93"	"2"	"二、 重点术语与概念解析"
"图形工程\note_15.md"	"110"	"2"	"三、 工程经验与避坑指南"
"图形工程\note_15.md"	"112"	"3"	"1. 软件环境与开发推荐清单"
"图形工程\note_15.md"	"122"	"3"	"2. 三维建模的底层思考与操作避坑"
"图形工程\note_16.md"	"1"	"1"	"程序化纹理与建模暨UV展图与材质绘制全流程解析"
"图形工程\note_16.md"	"3"	"2"	"一、 核心知识点与原理剖析"
"图形工程\note_16.md"	"5"	"3"	"1. 程序化纹理生成技术（Substance Designer）"
"图形工程\note_16.md"	"22"	"3"	"2. Houdini 程序化建模与 UV 展图原理"
"图形工程\note_16.md"	"38"	"3"	"3. Substance Painter 材质绘制原理"
"图形工程\note_16.md"	"55"	"2"	"二、 重点术语与概念解析"
"图形工程\note_16.md"	"70"	"2"	"三、 工程经验与避坑指南"
"图形工程\note_17.md"	"1"	"1"	"Houdini 高度场地形、侵蚀分层与 Unity 地形材质全流程"
"图形工程\note_17.md"	"3"	"2"	"一、核心知识点与原理剖析"
"图形工程\note_17.md"	"5"	"3"	"1. 高度场地形的本质与工具选择"
"图形工程\note_17.md"	"13"	"3"	"2. HeightField 的建立与基础塑形"
"图形工程\note_17.md"	"56"	"3"	"3. HeightField Erode 自然侵蚀"
"图形工程\note_17.md"	"88"	"3"	"4. 从侵蚀结果制作地形材质分层遮罩"
"图形工程\note_17.md"	"124"	"3"	"5. 高度图与 Splat Map 导出"
"图形工程\note_17.md"	"171"	"3"	"6. Substance Designer 制作 Terrain Layer 材质"
"图形工程\note_17.md"	"187"	"2"	"二、重点术语与概念解析"
"图形工程\note_17.md"	"203"	"2"	"三、工程经验与避坑指南"
"图形工程\note_17.md"	"205"	"3"	"1. 导出、精度与颜色空间"
"图形工程\note_17.md"	"212"	"3"	"2. 软件崩溃与恢复"
"图形工程\note_17.md"	"219"	"3"	"3. 地形材质的真实限制"
"图形工程\note_18.md"	"1"	"1"	"Houdini 程序化树木、PDG 批量生成、LOD 与地形物件材质"
"图形工程\note_18.md"	"3"	"2"	"一、核心知识点与原理剖析"
"图形工程\note_18.md"	"5"	"3"	"1. Labs Tree 程序化树木系统"
"图形工程\note_18.md"	"55"	"3"	"2. 叶簇卡片：把几何复杂度烘焙到贴图"
"图形工程\note_18.md"	"92"	"3"	"3. Unity 叶片 Shader 与植被着色"
"图形工程\note_18.md"	"140"	"3"	"4. PDG/TOPs 批量生成树木变体"
"图形工程\note_18.md"	"168"	"3"	"5. Houdini Engine for Unity、材质属性与 LOD"
"图形工程\note_18.md"	"202"	"3"	"6. HDA 地形物件：悬崖、洞穴与岩块"
"图形工程\note_18.md"	"230"	"3"	"7. 地形物件的顶点色遮罩与三向采样"
"图形工程\note_18.md"	"268"	"2"	"二、重点术语与概念解析"
"图形工程\note_18.md"	"285"	"2"	"三、工程经验与避坑指南"
"图形工程\note_18.md"	"287"	"3"	"1. 面数、卡片与 LOD"
"图形工程\note_18.md"	"294"	"3"	"2. 法线、双面与导入比例"
"图形工程\note_18.md"	"301"	"3"	"3. 植被着色的常见错误"
"图形工程\note_18.md"	"308"	"3"	"4. PDG 与 Houdini Engine 管线"
"图形工程\note_18.md"	"315"	"3"	"5. Triplanar 与移动端性能"
"图形工程\note_18.md"	"322"	"3"	"6. TA 项目职责与课程总结"
"数据结构和算法\note_01.md"	"1"	"1"	"算法基础与递归枚举：从逻辑重构到工程实践"
"数据结构和算法\note_01.md"	"3"	"2"	"一、 核心知识点与原理剖析"
"数据结构和算法\note_01.md"	"5"	"3"	"1. 算法的定义与本质"
"数据结构和算法\note_01.md"	"14"	"3"	"2. 经典算法设计问题引入"
"数据结构和算法\note_01.md"	"42"	"3"	"3. 算法评价标准（复杂度分析）"
"数据结构和算法\note_01.md"	"69"	"3"	"4. 枚举法剖析"
"数据结构和算法\note_01.md"	"118"	"3"	"5. 递归与回溯算法"
"数据结构和算法\note_01.md"	"157"	"2"	"二、 重点术语与概念解析"
"数据结构和算法\note_01.md"	"174"	"2"	"三、 工程经验与避坑指南"
"数据结构和算法\note_01.md"	"176"	"3"	"1. 变量命名规范"
"数据结构和算法\note_01.md"	"180"	"3"	"2. 评测系统（Evaluator）兼容性陷阱"
"数据结构和算法\note_01.md"	"201"	"3"	"3. WA (答案错误) 调试手段"
"数据结构和算法\note_01.md"	"205"	"3"	"4. 递归与回溯的常见逻辑漏洞"
"数据结构和算法\note_01.md"	"209"	"3"	"5. 数据范围与边界溢出"
"数据结构和算法\note_01.md"	"221"	"2"	"四、 课后算法习题核心代码实现 (C#)"
"数据结构和算法\note_01.md"	"223"	"3"	"1. 怪味豆最大值寻找 (1001)"
"数据结构和算法\note_01.md"	"266"	"3"	"2. 乱码单词匹配 (1002)"
"数据结构和算法\note_01.md"	"316"	"3"	"3. 最长回文子串 (1004)"
"数据结构和算法\note_01.md"	"368"	"3"	"4. 分数分解 (1005)"
"数据结构和算法\note_01.md"	"412"	"3"	"5. 全排列生成 (1006)"
"数据结构和算法\note_01.md"	"468"	"3"	"6. 糖果分解 / 整数拆分 (1007)"
"数据结构和算法\note_01.md"	"515"	"3"	"7. 行李装箱问题 (1008)"
"数据结构和算法\note_02.md"	"1"	"1"	"算法分析、渐进记号与分治策略"
"数据结构和算法\note_02.md"	"3"	"2"	"一、 核心知识点与原理剖析"
"数据结构和算法\note_02.md"	"5"	"3"	"1. 插入排序 (Insertion Sort)"
"数据结构和算法\note_02.md"	"50"	"3"	"2. 渐进记号与函数增长率"
"数据结构和算法\note_02.md"	"79"	"3"	"3. 分治策略 (Divide and Conquer)"
"数据结构和算法\note_02.md"	"89"	"3"	"4. 归并排序 (Merge Sort)"
"数据结构和算法\note_02.md"	"139"	"3"	"5. 逆序对问题 (Inversion Pairs)"
"数据结构和算法\note_02.md"	"183"	"3"	"6. 二分查找 (Binary Search)"
"数据结构和算法\note_02.md"	"217"	"3"	"7. 最大子数组问题 (Maximum Subarray Problem)"
"数据结构和算法\note_02.md"	"268"	"3"	"8. 课后思考题与算法扩展"
"数据结构和算法\note_02.md"	"303"	"2"	"二、 重点术语与概念解析"
"数据结构和算法\note_02.md"	"319"	"2"	"三、 工程经验与避坑指南"
"数据结构和算法\note_03.md"	"1"	"1"	"数据结构与算法：快速排序、线性数据结构、图与树、二叉堆及散列表"
"数据结构和算法\note_03.md"	"3"	"2"	"一、 核心知识点与原理剖析"
"数据结构和算法\note_03.md"	"5"	"3"	"1. 分治算法之快速排序（Quick Sort）"
"数据结构和算法\note_03.md"	"56"	"3"	"2. 基本线性数据结构与哨兵节点"
"数据结构和算法\note_03.md"	"72"	"3"	"3. 图与树的理论基础"
"数据结构和算法\note_03.md"	"102"	"3"	"4. 二叉堆与优先队列（Binary Heap & Priority Queue）"
"数据结构和算法\note_03.md"	"127"	"3"	"5. 散列表（Hash Table）"
"数据结构和算法\note_03.md"	"145"	"2"	"二、 重点术语与概念解析"
"数据结构和算法\note_03.md"	"162"	"2"	"三、 工程经验与避坑指南"
"数据结构和算法\note_04.md"	"1"	"1"	"高级算法设计：动态规划与贪心算法深度解析"
"数据结构和算法\note_04.md"	"3"	"2"	"一、 核心知识点与原理剖析"
"数据结构和算法\note_04.md"	"5"	"3"	"1. 动态规划（Dynamic Programming, DP）"
"数据结构和算法\note_04.md"	"201"	"3"	"2. 贪心算法（Greedy Algorithm）"
"数据结构和算法\note_04.md"	"255"	"2"	"二、 重点术语与概念解析"
"数据结构和算法\note_04.md"	"274"	"2"	"三、 工程经验与避坑指南"
"数据结构和算法\note_04.md"	"276"	"3"	"1. 程序员的“偷懒”哲学与时空权衡"
"数据结构和算法\note_04.md"	"279"	"3"	"2. 数组下标与语义映射混淆（1-based Indexing vs 0-based Indexing）"
"数据结构和算法\note_04.md"	"283"	"3"	"3. C# 集合类与 LINQ 的性能陷阱"
"数据结构和算法\note_04.md"	"287"	"3"	"4. 字符串解析与输入过滤（Split 问题）"
"数据结构和算法\note_04.md"	"291"	"3"	"5. 递归深度与栈溢出（自顶向下 vs 自底向上）"
"数据结构和算法\note_04.md"	"295"	"3"	"6. 课堂现场 Debug 案例（Bug 诊断）"
"数据结构和算法\note_05.md"	"1"	"1"	"图算法基础、遍历与拓扑排序"
"数据结构和算法\note_05.md"	"3"	"2"	"一、 核心知识点与原理剖析"
"数据结构和算法\note_05.md"	"5"	"3"	"1. 图的基础概念与分类"
"数据结构和算法\note_05.md"	"23"	"3"	"2. 图的表示方法"
"数据结构和算法\note_05.md"	"38"	"3"	"3. 广度优先搜索 (Breadth-First Search, BFS)"
"数据结构和算法\note_05.md"	"77"	"3"	"4. 深度优先搜索 (Depth-First Search, DFS)"
"数据结构和算法\note_05.md"	"128"	"3"	"5. 拓扑排序 (Topological Sort)"
"数据结构和算法\note_05.md"	"138"	"3"	"6. 经典算法应用"
"数据结构和算法\note_05.md"	"162"	"2"	"二、 重点术语与概念解析"
"数据结构和算法\note_05.md"	"183"	"2"	"三、 工程经验与避坑指南"
"数据结构和算法\note_05.md"	"185"	"3"	"1. OJ 平台 C# 内存限制避坑"
"数据结构和算法\note_05.md"	"192"	"3"	"2. 大数乘加过程防溢出"
"数据结构和算法\note_05.md"	"196"	"3"	"3. BFS/DFS 状态标记的工程简化"
"数据结构和算法\note_05.md"	"204"	"3"	"4. 拓扑排序与 DFS 起点的确定"
"数据结构和算法\note_05.md"	"211"	"3"	"5. 八数码问题的关键实现技术"
"数据结构和算法\note_06.md"	"1"	"1"	"图算法（二）：进阶图算法与最短路径问题"
"数据结构和算法\note_06.md"	"3"	"2"	"一、 核心知识点与原理剖析"
"数据结构和算法\note_06.md"	"5"	"3"	"1. 最短路径问题（Shortest Path Problems）的定义与变体"
"数据结构和算法\note_06.md"	"17"	"3"	"2. 最短路径的最优子结构性质（Optimal Substructure）"
"数据结构和算法\note_06.md"	"27"	"3"	"3. 负权边与负值环路（Negative-Weight Edges and Cycles）"
"数据结构和算法\note_06.md"	"36"	"3"	"4. 松弛操作（Relaxation）及其性质"
"数据结构和算法\note_06.md"	"55"	"3"	"5. 贝尔曼-福特算法（Bellman-Ford Algorithm）"
"数据结构和算法\note_06.md"	"77"	"3"	"6. 有向无环图（DAG）中的单源最短路径"
"数据结构和算法\note_06.md"	"96"	"3"	"7. 迪杰斯特拉算法（Dijkstra's Algorithm）"
"数据结构和算法\note_06.md"	"130"	"3"	"8. 所有节点对最短路径问题（All-Pairs Shortest Paths）与动态规划解法"
"数据结构和算法\note_06.md"	"145"	"3"	"9. 弗洛伊德-华沙尔算法（Floyd-Warshall Algorithm）"
"数据结构和算法\note_06.md"	"176"	"3"	"10. 有向图的传递闭包（Transitive Closure of a Directed Graph）"
"数据结构和算法\note_06.md"	"194"	"2"	"二、 重点术语与概念解析"
"数据结构和算法\note_06.md"	"205"	"2"	"三、 工程经验与避坑指南"
"数据结构和算法\note_06.md"	"207"	"3"	"1. 关于无手写堆时的 Dijkstra 实现选择"
"数据结构和算法\note_06.md"	"224"	"3"	"2. 无穷大（$\infty$）的数值选择与溢出防范"
"数据结构和算法\note_06.md"	"235"	"3"	"3. Floyd-Warshall 算法的循环顺序"
"数据结构和算法\note_06.md"	"250"	"3"	"4. 稀疏图与稠密图的最短路径选择"
"数据结构和算法\note_07.md"	"1"	"1"	"算法进阶专题课：二叉搜索树、最长公共子序列、A* 寻路算法与 KMP 算法"
"数据结构和算法\note_07.md"	"3"	"2"	"一、 核心知识点与原理剖析"
"数据结构和算法\note_07.md"	"5"	"3"	"1. 二叉搜索树 (Binary Search Tree, BST)"
"数据结构和算法\note_07.md"	"155"	"3"	"2. 最长公共子序列 (Longest Common Subsequence, LCS)"
"数据结构和算法\note_07.md"	"187"	"3"	"3. A* 寻路算法 (A* Search Algorithm)"
"数据结构和算法\note_07.md"	"213"	"3"	"4. KMP 算法 (Knuth-Morris-Pratt Algorithm)"
"数据结构和算法\note_07.md"	"234"	"2"	"二、 重点术语与概念解析"
"数据结构和算法\note_07.md"	"246"	"2"	"三、 工程经验与避坑指南"
"游戏AI\note_01.md"	"1"	"1"	"游戏人工智能 (Game AI) 课程笔记：架构设计与工程实践"
"游戏AI\note_01.md"	"7"	"2"	"一、 核心知识点与原理剖析"
"游戏AI\note_01.md"	"9"	"3"	"1. 游戏人工智能的本质与目标"
"游戏AI\note_01.md"	"14"	"3"	"2. 游戏 AI 的技术要求"
"游戏AI\note_01.md"	"19"	"3"	"3. AI 核心循环：感知-决策-行为 (Sense-Think-Act)"
"游戏AI\note_01.md"	"26"	"3"	"4. 游戏 AI 分层架构模型 (重点)"
"游戏AI\note_01.md"	"51"	"2"	"二、 重点术语与概念解析"
"游戏AI\note_01.md"	"53"	"3"	"1. 人工智能历史关键点"
"游戏AI\note_01.md"	"58"	"3"	"2. BDI 模型"
"游戏AI\note_01.md"	"63"	"3"	"3. 数据驱动编程 (Data-Driven Programming)"
"游戏AI\note_01.md"	"69"	"3"	"4. 反射 (Reflection)"
"游戏AI\note_01.md"	"75"	"2"	"三、 工程经验与避坑指南"
"游戏AI\note_01.md"	"77"	"3"	"1. 软件工程的“焦油坑”与“人月神话”"
"游戏AI\note_01.md"	"81"	"3"	"2. C# 性能避坑 (字典与 GC)"
"游戏AI\note_01.md"	"86"	"3"	"3. 数据结构的选择"
"游戏AI\note_01.md"	"93"	"3"	"4. 游戏 AI 的分层优势"
"游戏AI\note_01.md"	"101"	"2"	"四、 大作业：坦克大战 AI 竞赛 (Tank War)"
"游戏AI\note_01.md"	"103"	"3"	"1. 竞赛规则"
"游戏AI\note_01.md"	"108"	"3"	"2. 开发约束"
"游戏AI\note_02.md"	"1"	"1"	"游戏 AI 架构设计与核心模式深度解析"
"游戏AI\note_02.md"	"3"	"2"	"一、 核心知识点与原理剖析"
"游戏AI\note_02.md"	"5"	"3"	"1. 软件设计模式在 AI 中的应用"
"游戏AI\note_02.md"	"23"	"3"	"2. 脚本化 AI 系统 (Script-based AI System)"
"游戏AI\note_02.md"	"36"	"3"	"3. 基于规则的 AI 系统 (Rule-based AI System / 专家系统)"
"游戏AI\note_02.md"	"48"	"3"	"4. 有限状态机 (Finite State Machine, FSM)"
"游戏AI\note_02.md"	"62"	"3"	"5. 行为树 (Behavior Tree, BT)"
"游戏AI\note_02.md"	"76"	"2"	"二、 重点术语与概念解析"
"游戏AI\note_02.md"	"84"	"2"	"三、 工程经验与避坑指南"
"游戏AI\note_03.md"	"1"	"1"	"游戏人工智能课程笔记：行为树进阶、效用系统与目标导向计划"
"游戏AI\note_03.md"	"3"	"2"	"一、 核心知识点与原理剖析"
"游戏AI\note_03.md"	"5"	"3"	"1. 行为树（Behavior Tree, BT）进阶讨论"
"游戏AI\note_03.md"	"17"	"3"	"2. 基于效用的 AI 系统（Utility-based AI）"
"游戏AI\note_03.md"	"32"	"3"	"3. 基于目标导向的行为计划（GOAP, Goal Oriented Action Plan）"
"游戏AI\note_03.md"	"47"	"3"	"4. 信息层（Information Layer）与抽象"
"游戏AI\note_03.md"	"62"	"2"	"二、 重点术语与概念解析"
"游戏AI\note_03.md"	"74"	"2"	"三、 工程经验与避坑指南"
"游戏AI\note_03.md"	"76"	"3"	"1. 架构层次感（非常重要）"
"游戏AI\note_03.md"	"83"	"3"	"2. 性能优化技巧"
"游戏AI\note_03.md"	"91"	"3"	"3. 感知系统的伪装与抽象"
"游戏AI\note_03.md"	"95"	"3"	"4. GOAP 的实践痛点"
"游戏AI\note_03.md"	"99"	"3"	"5. 黑板中的遗忘模拟"
"游戏AI\note_04.md"	"1"	"1"	"游戏人工智能：场景抽象、寻路算法与大语言模型实战笔记"
"游戏AI\note_04.md"	"3"	"2"	"一、 核心知识点与原理剖析"
"游戏AI\note_04.md"	"5"	"3"	"1. 场景信息抽象 (Scene Information Abstraction)"
"游戏AI\note_04.md"	"33"	"3"	"2. 路径规划与寻路算法 (Pathfinding)"
"游戏AI\note_04.md"	"54"	"3"	"3. MOBA AI 架构设计案例"
"游戏AI\note_04.md"	"62"	"3"	"4. 大语言模型 (LLM) 在游戏中的应用"
"游戏AI\note_04.md"	"70"	"2"	"二、 重点术语与概念解析"
"游戏AI\note_04.md"	"80"	"2"	"三、 工程经验与避坑指南"
"游戏AI\note_04.md"	"82"	"3"	"1. 架构与性能建议"
"游戏AI\note_04.md"	"87"	"3"	"2. 寻路算法实战建议"
"游戏AI\note_04.md"	"91"	"3"	"3. 大模型集成经验"
"游戏网络\note_01.md"	"1"	"1"	"联机游戏开发实战：从局域网原理到 Mirror 插件应用"
"游戏网络\note_01.md"	"3"	"2"	"一、 核心知识点与原理剖析"
"游戏网络\note_01.md"	"5"	"3"	"1. 联机游戏的分类与架构基础"
"游戏网络\note_01.md"	"13"	"3"	"2. 网络通信的三种基本行为"
"游戏网络\note_01.md"	"21"	"3"	"3. 数据校验与防作弊（Anti-Cheat）"
"游戏网络\note_01.md"	"29"	"3"	"4. 权威模式（Authority）"
"游戏网络\note_01.md"	"34"	"2"	"二、 重点术语与概念解析"
"游戏网络\note_01.md"	"36"	"3"	"1. 传输协议（Transport Protocols）"
"游戏网络\note_01.md"	"41"	"3"	"2. Mirror 核心组件与功能"
"游戏网络\note_01.md"	"56"	"3"	"3. 开发辅助工具"
"游戏网络\note_01.md"	"59"	"2"	"三、 工程经验与避坑指南"
"游戏网络\note_01.md"	"61"	"3"	"1. 架构设计：单机与联机代码解耦"
"游戏网络\note_01.md"	"66"	"3"	"2. 同步策略：指令同步 vs 状态同步"
"游戏网络\note_01.md"	"70"	"3"	"3. 常见 Bug 避坑"
"游戏网络\note_01.md"	"74"	"3"	"4. 游戏性与平衡补丁"
"游戏网络\note_02.md"	"1"	"1"	"计算机网络在游戏开发中的应用与底层原理深度解析"
"游戏网络\note_02.md"	"3"	"2"	"一、 核心知识点与原理剖析"
"游戏网络\note_02.md"	"5"	"3"	"1. 计算机网络的基础逻辑与分层模型"
"游戏网络\note_02.md"	"23"	"3"	"2. 网络寻址与传输核心概念"
"游戏网络\note_02.md"	"37"	"3"	"3. 数据编码与底层表示"
"游戏网络\note_02.md"	"49"	"3"	"4. 多线程与同步机制"
"游戏网络\note_02.md"	"58"	"3"	"5. HTTP 协议在游戏中的应用"
"游戏网络\note_02.md"	"68"	"2"	"二、 重点术语与概念解析"
"游戏网络\note_02.md"	"83"	"2"	"三、 工程经验与避坑指南"
"游戏网络\note_02.md"	"85"	"3"	"1. 网络调优与排错经验"
"游戏网络\note_02.md"	"94"	"3"	"2. 数据压缩的“精打细算”"
"游戏网络\note_02.md"	"101"	"3"	"3. 多线程编程的“死亡陷阱”"
"游戏网络\note_02.md"	"106"	"3"	"4. 接口封装的艺术"
"游戏网络\note_02.md"	"114"	"3"	"5. 浮点数比较"
"游戏网络\note_03.md"	"1"	"1"	"游戏网络编程：从 MVC 架构到传输层协议深度解析"
"游戏网络\note_03.md"	"3"	"2"	"一、 核心知识点与原理剖析"
"游戏网络\note_03.md"	"5"	"3"	"1. 游戏 UI 架构：MVC (Model-View-Controller)"
"游戏网络\note_03.md"	"18"	"3"	"2. 传输层协议：TCP (Transmission Control Protocol)"
"游戏网络\note_03.md"	"40"	"3"	"3. 传输层协议：UDP (User Datagram Protocol)"
"游戏网络\note_03.md"	"54"	"3"	"4. 应用层数据协议"
"游戏网络\note_03.md"	"68"	"2"	"二、 重点术语与概念解析"
"游戏网络\note_03.md"	"80"	"2"	"三、 工程经验与避坑指南"
"游戏网络\note_03.md"	"93"	"2"	"四、 课后作业"
"游戏网络\note_04.md"	"1"	"1"	"游戏网络同步技术专题：状态同步、帧同步与服务器架构深度解析"
"游戏网络\note_04.md"	"3"	"2"	"一、 核心知识点与原理剖析"
"游戏网络\note_04.md"	"5"	"3"	"1. TCP 粘包处理（可变长消息头方案）"
"游戏网络\note_04.md"	"15"	"3"	"2. 网络实时同步的分类与对比"
"游戏网络\note_04.md"	"32"	"3"	"3. 延迟计算：RTT 与 游戏 Ping 值"
"游戏网络\note_04.md"	"40"	"3"	"4. 状态同步的深度优化"
"游戏网络\note_04.md"	"51"	"3"	"5. 帧同步的一致性（确定性）保障"
"游戏网络\note_04.md"	"61"	"2"	"二、 重点术语与概念解析"
"游戏网络\note_04.md"	"72"	"2"	"三、 工程经验与避坑指南"
"游戏网络\note_04.md"	"74"	"3"	"1. 开发建议与避坑"
"游戏网络\note_04.md"	"79"	"3"	"2. 外挂防御（路飞挂案例）"
"游戏网络\note_04.md"	"83"	"3"	"3. 断线重连与追帧"
"游戏网络\note_04.md"	"87"	"3"	"4. 服务器架构演进"
"游戏网络\note_04.md"	"94"	"3"	"5. 数据库选型"
"编辑器设计\note_01.md"	"1"	"1"	"AI 智能体开发工作流与编辑器序列化基础"
"编辑器设计\note_01.md"	"3"	"2"	"一、核心知识点与原理剖析"
"编辑器设计\note_01.md"	"5"	"3"	"1. AI 编程智能体的组成"
"编辑器设计\note_01.md"	"18"	"3"	"2. 用户级规则、项目级规则与记忆"
"编辑器设计\note_01.md"	"25"	"3"	"3. 一套完整的 AI 开发工作流"
"编辑器设计\note_01.md"	"71"	"3"	"4. 基于证据的 Bug 工作流"
"编辑器设计\note_01.md"	"86"	"3"	"5. Memory 与 Skill 的沉淀规则"
"编辑器设计\note_01.md"	"116"	"3"	"6. 编辑器的核心：统一数据编辑"
"编辑器设计\note_01.md"	"132"	"3"	"7. 序列化对象与序列化属性"
"编辑器设计\note_01.md"	"171"	"3"	"8. 第一阶段课程作业"
"编辑器设计\note_01.md"	"185"	"2"	"二、重点术语与概念解析"
"编辑器设计\note_01.md"	"199"	"2"	"三、工程经验与避坑指南"
"编辑器设计\note_01.md"	"201"	"3"	"1. 架构比逐行代码 Review 更重要"
"编辑器设计\note_01.md"	"207"	"3"	"2. Unity 程序集必须明确"
"编辑器设计\note_01.md"	"214"	"3"	"3. 序列化不是只用于存档"
"编辑器设计\note_01.md"	"219"	"3"	"4. 工具与账号相关课堂说明"
"编辑器设计\note_01.md"	"225"	"3"	"5. 学习重点"
"编辑器设计\note_02.md"	"1"	"1"	"属性绘制器、事务撤销与运行时编辑器架构"
"编辑器设计\note_02.md"	"3"	"2"	"一、核心知识点与原理剖析"
"编辑器设计\note_02.md"	"5"	"3"	"1. 序列化器作业的验收标准"
"编辑器设计\note_02.md"	"18"	"3"	"2. 从序列化属性自动生成 Inspector"
"编辑器设计\note_02.md"	"46"	"3"	"3. 从单属性撤销升级到事务"
"编辑器设计\note_02.md"	"64"	"3"	"4. 编辑器、运行时与逻辑注入层"
"编辑器设计\note_02.md"	"86"	"3"	"5. 蓝图、脚本与 AI 时代的逻辑入口"
"编辑器设计\note_02.md"	"94"	"3"	"6. 面向人类与 AI 的双入口"
"编辑器设计\note_02.md"	"112"	"3"	"7. 2D 地图编辑器 MVP 需求拆解"
"编辑器设计\note_02.md"	"133"	"3"	"8. 从宏观需求到可执行计划"
"编辑器设计\note_02.md"	"148"	"3"	"9. AI 执行与 UI 搭建试验"
"编辑器设计\note_02.md"	"156"	"2"	"二、重点术语与概念解析"
"编辑器设计\note_02.md"	"169"	"2"	"三、工程经验与避坑指南"
"编辑器设计\note_02.md"	"171"	"3"	"1. 不要把绘制器和序列化器混在一起"
"编辑器设计\note_02.md"	"177"	"3"	"2. 复杂操作必须用事务"
"编辑器设计\note_02.md"	"182"	"3"	"3. AI 生成 UI 的限制"
"编辑器设计\note_02.md"	"188"	"3"	"4. 技术细节可交给 AI，架构不可失控"
"编辑器设计\note_02.md"	"193"	"3"	"5. 课堂模型判断具有时效性"
"编辑器设计\note_03.md"	"1"	"1"	"2D 地图编辑器 MVP、证据驱动调试与编辑运行桥接"
"编辑器设计\note_03.md"	"3"	"2"	"一、核心知识点与原理剖析"
"编辑器设计\note_03.md"	"5"	"3"	"1. AI 工具变化与可迁移工作流"
"编辑器设计\note_03.md"	"14"	"3"	"2. 高质量交付必须经过设计、执行和验证"
"编辑器设计\note_03.md"	"25"	"3"	"3. AI 搭建 UI 的正确约束"
"编辑器设计\note_03.md"	"36"	"3"	"4. 证据驱动调试的进一步说明"
"编辑器设计\note_03.md"	"43"	"3"	"5. 恢复并验收地图编辑器基础工程"
"编辑器设计\note_03.md"	"63"	"3"	"6. 编辑工具栏与操作模式"
"编辑器设计\note_03.md"	"81"	"3"	"7. 撤销系统必须贯穿所有编辑入口"
"编辑器设计\note_03.md"	"99"	"3"	"8. 多任务并行与模型切换的实践"
"编辑器设计\note_03.md"	"107"	"3"	"9. 编辑器到游戏运行时的桥接"
"编辑器设计\note_03.md"	"127"	"3"	"10. 最小 2D 平台游戏底层"
"编辑器设计\note_03.md"	"135"	"3"	"11. 验证、单元测试与归档"
"编辑器设计\note_03.md"	"147"	"2"	"二、重点术语与概念解析"
"编辑器设计\note_03.md"	"160"	"2"	"三、工程经验与避坑指南"
"编辑器设计\note_03.md"	"162"	"3"	"1. 现场环境先恢复，再判断业务 Bug"
"编辑器设计\note_03.md"	"167"	"3"	"2. 不要让多个实现绕开序列化层"
"编辑器设计\note_03.md"	"172"	"3"	"3. 小任务和大任务采用不同审查强度"
"编辑器设计\note_03.md"	"178"	"3"	"4. 工具、额度和上下文不是质量保证"
"编辑器设计\note_03.md"	"184"	"3"	"5. MVP 的完成标准"
"编辑器设计\note_04.md"	"1"	"1"	"地图编辑器交互重构、房间连接与关卡组件扩展"
"编辑器设计\note_04.md"	"3"	"2"	"一、核心知识点与原理剖析"
"编辑器设计\note_04.md"	"5"	"3"	"1. 从 MVP 进入产品化迭代"
"编辑器设计\note_04.md"	"19"	"3"	"2. 地图管理与资源面板优化"
"编辑器设计\note_04.md"	"28"	"3"	"3. 类银河城房间跳转的数据设计"
"编辑器设计\note_04.md"	"40"	"3"	"4. 缩略图式世界连接编辑器"
"编辑器设计\note_04.md"	"59"	"3"	"5. 操作句柄重构"
"编辑器设计\note_04.md"	"71"	"3"	"6. 对象层级功能的讨论"
"编辑器设计\note_04.md"	"78"	"3"	"7. 动态关卡组件"
"编辑器设计\note_04.md"	"96"	"3"	"8. LOD 式房间缩略与地图边界"
"编辑器设计\note_04.md"	"104"	"3"	"9. AI 生成 2D 素材和序列帧试验"
"编辑器设计\note_04.md"	"117"	"3"	"10. 复杂功能验收与现场 Bug"
"编辑器设计\note_04.md"	"136"	"2"	"二、重点术语与概念解析"
"编辑器设计\note_04.md"	"148"	"2"	"三、工程经验与避坑指南"
"编辑器设计\note_04.md"	"150"	"3"	"1. 复杂度上升后“一次过”会明显减少"
"编辑器设计\note_04.md"	"156"	"3"	"2. 删除与连接是高风险交互"
"编辑器设计\note_04.md"	"162"	"3"	"3. Collider 不等于图像轮廓"
"编辑器设计\note_04.md"	"168"	"3"	"4. AI 生图需要承认能力边界"
"编辑器设计\note_04.md"	"174"	"3"	"5. 产品化仍有很长距离"
"编辑器设计\note_05.md"	"1"	"1"	"地图选择、吸附、视差层级与编辑器阶段总结"
"编辑器设计\note_05.md"	"3"	"2"	"一、核心知识点与原理剖析"
"编辑器设计\note_05.md"	"5"	"3"	"1. 模型选择的课堂更新"
"编辑器设计\note_05.md"	"16"	"3"	"2. 地图对象选择逻辑修正"
"编辑器设计\note_05.md"	"28"	"3"	"3. 拖拽吸附设计"
"编辑器设计\note_05.md"	"47"	"3"	"4. 框选与多选移动"
"编辑器设计\note_05.md"	"55"	"3"	"5. 拆解类银河城场景的视觉层次"
"编辑器设计\note_05.md"	"77"	"3"	"6. 视差滚动原理"
"编辑器设计\note_05.md"	"90"	"3"	"7. 世界层级数据与 UI 设计"
"编辑器设计\note_05.md"	"116"	"3"	"8. 移除重复的对象父子层级"
"编辑器设计\note_05.md"	"123"	"3"	"9. 四类资源配置隔离"
"编辑器设计\note_05.md"	"132"	"3"	"10. 层级功能的运行验收"
"编辑器设计\note_05.md"	"145"	"3"	"11. 2D 跳跃手感优化"
"编辑器设计\note_05.md"	"155"	"3"	"12. 编辑器后续可扩展系统"
"编辑器设计\note_05.md"	"169"	"2"	"二、重点术语与概念解析"
"编辑器设计\note_05.md"	"182"	"2"	"三、工程经验与避坑指南"
"编辑器设计\note_05.md"	"184"	"3"	"1. 需求词语必须消除歧义"
"编辑器设计\note_05.md"	"190"	"3"	"2. 选择、渲染和物理要解耦"
"编辑器设计\note_05.md"	"197"	"3"	"3. 当前层之外应禁止交互"
"编辑器设计\note_05.md"	"202"	"3"	"4. 数据结构升级要兼容旧地图"
"编辑器设计\note_05.md"	"208"	"3"	"5. 主动删除重复功能"
"编辑器设计\note_05.md"	"213"	"3"	"6. AI Coding 的长期维护"
"编辑器设计\note_05.md"	"220"	"3"	"7. 阶段结论"
"高数\Overview.md"	"1"	"1"	"高等数学期末复习全书概览 (Calculus Finals Overview)"
"高数\Overview.md"	"5"	"2"	"Unit 1: 函数、极限与连续 (Functions, Limits and Continuity)"
"高数\Overview.md"	"11"	"2"	"Unit 2: 导数与微分 (Differentiation)"
"高数\Overview.md"	"17"	"2"	"Unit 3: 积分学 (Integration)"
"高数\Overview.md"	"23"	"2"	"Unit 4: 级数 (Series)"
"高数\Overview.md"	"29"	"2"	"Unit 5: 常微分方程 (Ordinary Differential Equations)"
"高数\Unit_1_Functions, Limits and Continuity.md"	"1"	"1"	"第一章详细复习：函数、极限与连续"
"高数\Unit_1_Functions, Limits and Continuity.md"	"3"	"2"	"1. 函数基础 (Functions) - 考点：定义域与性质"
"高数\Unit_1_Functions, Limits and Continuity.md"	"11"	"2"	"2. 极限计算 (Limits) - **核心分值区**"
"高数\Unit_1_Functions, Limits and Continuity.md"	"21"	"2"	"3. 连续性 (Continuity) - 考点：分段函数与根的存在"
"高数\Unit_1_Functions, Limits and Continuity.md"	"29"	"2"	"4. 渐近线 (Asymptotes)"
"高数\Unit_2_Differentiation.md"	"1"	"1"	"第二章详细复习：导数与微分"
"高数\Unit_2_Differentiation.md"	"3"	"2"	"1. 导数的核心定义 (Definition)"
"高数\Unit_2_Differentiation.md"	"8"	"2"	"2. 必须背死的求导公式 (Must-know Formulas)"
"高数\Unit_2_Differentiation.md"	"16"	"2"	"3. 三大求导法则 - **解题工具箱**"
"高数\Unit_2_Differentiation.md"	"22"	"2"	"4. 隐函数求导 (Implicit Differentiation)"
"高数\Unit_2_Differentiation.md"	"28"	"2"	"5. 导数应用 - **必考大题型**"
"高数\Unit_3_Integration.md"	"1"	"1"	"第三章详细复习：积分学"
"高数\Unit_3_Integration.md"	"3"	"2"	"1. 积分的两张面孔"
"高数\Unit_3_Integration.md"	"8"	"2"	"2. 积分计算四大绝招 - **期末必杀技**"
"高数\Unit_3_Integration.md"	"19"	"2"	"3. 几何应用 - **大题常客**"
"高数\Unit_3_Integration.md"	"26"	"2"	"4. 反常积分 (Improper Integrals)"
"高数\Unit_4_Series.md"	"1"	"1"	"第四章详细复习：级数"
"高数\Unit_4_Series.md"	"3"	"2"	"1. 基本概念：序列 vs 级数"
"高数\Unit_4_Series.md"	"7"	"2"	"2. 级数敛散性判别 - **核心考点**"
"高数\Unit_4_Series.md"	"18"	"2"	"3. 幂级数 (Power Series)"
"高数\Unit_4_Series.md"	"23"	"2"	"4. 泰勒与麦克劳林级数 (Taylor & Maclaurin)"
"高数\Unit_5_Ordinary Differential Equations.md"	"1"	"1"	"第五章详细复习：常微分方程"
"高数\Unit_5_Ordinary Differential Equations.md"	"3"	"2"	"1. 什么是微分方程？"
"高数\Unit_5_Ordinary Differential Equations.md"	"6"	"2"	"2. 一阶微分方程 - **必考解法 A & B**"
"高数\Unit_5_Ordinary Differential Equations.md"	"7"	"3"	"A. 可分离变量方程 (Separable Equations)"
"高数\Unit_5_Ordinary Differential Equations.md"	"12"	"3"	"B. 一阶线性方程 (Linear Equations) - **套路化最强**"
"高数\Unit_5_Ordinary Differential Equations.md"	"18"	"2"	"3. 二阶常系数线性方程 - **特征方程法**"
"高数\Unit_5_Ordinary Differential Equations.md"	"25"	"2"	"4. 应用模型 (Modeling)"
